timestamp,type,accel_x,accel_y,accel_z,heart_rate,lat,lon,vel_x,vel_y,vel_z,dis_x,dis_y,dis_z,mag_x,mag_y,mag_z
2020-02-19 16:24:31,H,,,,107,,,,,,,,,,,
2020-02-19 16:24:30.040000,A,20,-328,-876,,,,0.00784532,-0.128663248,-0.343625016,0.0,0.0,0.0,,,
2020-02-19 16:24:30.080000,A,-224,-752,-960,,,,-0.080022264,-0.42364728,-0.720200376,0.00031381279999999996,-0.00514652992,-0.013745000640000001,,,
2020-02-19 16:24:30.120000,A,-164,-540,-840,,,,-0.14435388799999999,-0.63547092,-1.049703816,-0.00288707776,-0.02209242112,-0.04255301568,,,
2020-02-19 16:24:30.160000,A,-240,-364,-740,,,,-0.238497728,-0.7782557440000001,-1.339980656,-0.00866123328,-0.04751125792000001,-0.08454116832,,,
2020-02-19 16:24:30.200000,A,-388,-376,-632,,,,-0.390696936,-0.9257477600000001,-1.5878927680000001,-0.018201142400000002,-0.07864148768000001,-0.13814039456,,,
2020-02-19 16:24:30.240000,A,-740,-140,-608,,,,-0.6809737760000001,-0.9806650000000001,-1.8263904960000001,-0.03382901984,-0.11567139808000002,-0.20165610528,,,
2020-02-19 16:24:30.280000,A,-1144,-240,-808,,,,-1.1297260800000002,-1.0748088400000002,-2.143341424,-0.06106797088,-0.15489799808000002,-0.27471172511999997,,,
2020-02-19 16:24:30.320000,A,-612,-268,-1088,,,,-1.369792872,-1.1799361280000003,-2.570126832,-0.10625701408000002,-0.19789035168000002,-0.36044538208,,,
2020-02-19 16:24:30.360000,A,-740,268,-956,,,,-1.660069712,-1.0748088400000002,-2.945133128,-0.16104872896000003,-0.24508779680000004,-0.46325045536,,,
2020-02-19 16:24:30.400000,A,-868,-268,-952,,,,-2.0005566,-1.1799361280000003,-3.3185703600000003,-0.22745151744000003,-0.28808015040000007,-0.58105578048,,,
2020-02-19 16:24:30.440000,A,-900,-488,-912,,,,-2.353596,-1.3713619360000002,-3.6763169520000005,-0.30747378144000004,-0.3352775955200001,-0.71379859488,,,
2020-02-19 16:24:30.480000,A,-1048,-508,-284,,,,-2.764690768,-1.5706330640000001,-3.7877204960000004,-0.40161762144,-0.3901320729600001,-0.86085127296,,,
2020-02-19 16:24:30.520000,A,-648,-248,-232,,,,-3.018879136,-1.6679150320000002,-3.8787262080000002,-0.51220525216,-0.4529573955200001,-1.0123600928,,,
2020-02-19 16:24:30.560000,A,672,1700,-2004,,,,-2.7552763839999996,-1.0010628320000001,-4.664827272,-0.6329604176,-0.5196739968000001,-1.16750914112,,,
2020-02-19 16:24:30.600000,A,-500,-668,-876,,,,-2.9514093839999997,-1.2630965200000002,-5.008452288,-0.74317147296,-0.5597165100800001,-1.354102232,,,
2020-02-19 16:24:30.640000,A,248,-332,-1064,,,,-2.854127416,-1.3933288320000001,-5.425823312,-0.86122784832,-0.6102403708800002,-1.55444032352,,,
2020-02-19 16:24:30.680000,A,460,-208,-1116,,,,-2.673685056,-1.4749201600000001,-5.863592168,-0.97539294496,-0.6659735241600002,-1.771473256,,,
2020-02-19 16:24:30.720000,A,852,64,-1636,,,,-2.339474424,-1.4498151360000002,-6.505339344,-1.0823403472,-0.7249703305600003,-2.00601694272,,,
2020-02-19 16:24:30.760000,A,1104,368,-2324,,,,-1.90641276,-1.3054612480000003,-7.416965528,-1.17591932416,-0.7829629360000003,-2.2662305164800003,,,
2020-02-19 16:24:30.800000,A,1232,1120,-2820,,,,-1.423141048,-0.8661233280000002,-8.523155648,-1.2521758345599998,-0.8351813859200004,-2.5629091376,,,
2020-02-19 16:24:30.840000,A,1536,2740,472,,,,-0.820620472,0.20868551199999974,-8.338006095999999,-1.3091014764799997,-0.8698263190400004,-2.9038353635200003,,,
2020-02-19 16:24:30.880000,A,2876,2172,460,,,,0.3075365440000001,1.0606872639999998,-8.157563735999998,-1.3419262953599997,-0.8614788985600004,-3.23735560736,,,
2020-02-19 16:24:30.920000,A,2120,300,-784,,,,1.139140464,1.1783670639999997,-8.465100279999998,-1.3296248335999998,-0.8190514080000004,-3.5636581568,,,
2020-02-19 16:24:30.960000,A,1180,292,-48,,,,1.602014344,1.2929087359999998,-8.483929047999998,-1.2840592150399999,-0.7719167254400005,-3.902262168,,,
2020-02-19 16:24:31,A,924,760,648,,,,1.964468128,1.591030896,-8.229740679999999,-1.2199786412799998,-0.7202003760000004,-4.24161932992,,,
2020-02-19 16:24:32,H,,,,106,,,,,,,,,,,
2020-02-19 16:24:32,M,,,,,,,,,,,,,51,34,-620
2020-02-19 16:24:31.040000,A,1044,428,284,,,,2.373993832,1.7589207439999999,-8.118337136,-1.1413999161599997,-0.6565591401600004,-4.57080895712,,,
2020-02-19 16:24:31.080000,A,728,664,884,,,,2.65956348,2.019385368,-7.7715739919999995,-1.0464401628799997,-0.5862023104000004,-4.89554244256,,,
2020-02-19 16:24:31.120000,A,868,1744,1464,,,,3.000050368,2.703497272,-7.197296568,-0.9400576236799998,-0.5054268956800003,-5.20640540224,,,
2020-02-19 16:24:31.160000,A,3264,684,392,,,,4.280406592,2.9718072159999998,-7.043528296,-0.8200556089599997,-0.39728700480000034,-5.49429726496,,,
2020-02-19 16:24:31.200000,A,1216,-256,836,,,,4.757402048,2.8713871199999996,-6.71559392,-0.6488393452799998,-0.27841471616000035,-5.7760383968,,,
2020-02-19 16:24:31.240000,A,1576,284,600,,,,5.375613264,2.9827906639999995,-6.48023432,-0.45854326335999973,-0.16355923136000036,-6.0446621536,,,
2020-02-19 16:24:31.280000,A,1432,-1520,1076,,,,5.937338176,2.386546343999999,-6.058156104,-0.24351873279999972,-0.04424760480000038,-6.3038715264,,,
2020-02-19 16:24:31.320000,A,2072,-728,416,,,,6.750113327999999,2.100976695999999,-5.894973448,-0.006025205759999708,0.051214248959999584,-6.54619777056,,,
2020-02-19 16:24:31.360000,A,1588,-1420,196,,,,7.373031736,1.543958975999999,-5.818089312,0.2639793273600003,0.13525331679999955,-6.78199670848,,,
2020-02-19 16:24:31.400000,A,1896,-2008,-204,,,,8.116768072,0.756288847999999,-5.898111576,0.5589005968000003,0.1970116758399995,-7.014720280960001,,,
2020-02-19 16:24:31.440000,A,1040,-1572,288,,,,8.524724712,0.1396466959999989,-5.785138968,0.8835713196800002,0.22726322975999946,-7.250644744000001,,,
2020-02-19 16:24:31.480000,A,468,-1008,216,,,,8.7083052,-0.2557574320000011,-5.700409512,1.2245603081600003,0.23284909759999942,-7.48205030272,,,
2020-02-19 16:24:31.520000,A,564,-2024,488,,,,8.929543224,-1.0497038160000012,-5.508983704,1.5728925161600003,0.22261880031999937,-7.7100666832,,,
2020-02-19 16:24:31.560000,A,-360,-472,1236,,,,8.788327464,-1.2348533680000011,-5.024142928,1.9300742451200001,0.1806306476799993,-7.93042603136,,,
2020-02-19 16:24:31.600000,A,-48,-2316,32,,,,8.769498696,-2.1433414240000013,-5.011590416,2.28160734368,0.13123651295999927,-8.13139174848,,,
2020-02-19 16:24:31.640000,A,-172,-628,368,,,,8.702028944,-2.3896844720000012,-4.867236527999999,2.63238729152,0.04550285599999922,-8.331855365120001,,,
2020-02-19 16:24:31.680000,A,1608,-964,-284,,,,9.332792672,-2.767828896000001,-4.978640071999999,2.98046844928,-0.05008452288000083,-8.52654482624,,,
2020-02-19 16:24:31.720000,A,1204,-436,-148,,,,9.805080936,-2.938856872000001,-5.036695439999999,3.35378015616,-0.1607976787200009,-8.72569042912,,,
2020-02-19 16:24:31.760000,A,332,-1120,-444,,,,9.935313248,-3.378194792000001,-5.210861543999999,3.7459833936,-0.2783519536000009,-8.92715824672,,,
2020-02-19 16:24:31.800000,A,904,-632,-272,,,,10.289921712,-3.6261069040000007,-5.317557895999999,4.14339592352,-0.413479745280001,-9.135592708479999,,,
2020-02-19 16:24:31.840000,A,476,-672,-632,,,,10.476640328,-3.889709656000001,-5.565470007999999,4.554992792,-0.558524021440001,-9.348295024319999,,,
2020-02-19 16:24:31.880000,A,772,-636,-792,,,,10.77946968,-4.139190832000001,-5.8761446799999995,4.97405840512,-0.7141124076800011,-9.570913824639998,,,
2020-02-19 16:24:31.920000,A,596,-500,-736,,,,11.013260216,-4.335323832,-6.164852455999999,5.40523719232,-0.8796800409600011,-9.805959611839999,,,
2020-02-19 16:24:31.960000,A,672,-460,-892,,,,11.276862968000001,-4.515766192,-6.514753728,5.84576760096,-1.0530929942400011,-10.052553710079998,,,
2020-02-19 16:24:32,A,576,-360,-832,,,,11.502808184000001,-4.656981952,-6.84111904,6.296842119680001,-1.233723641920001,-10.313143859199998,,,
2020-02-19 16:24:33,H,,,,106,,,,,,,,,,,
2020-02-19 16:24:33,M,,,,,,,,,,,,,-1,-402,-339
2020-02-19 16:24:32.040000,A,512,-376,-964,,,,11.703648376,-4.804473968,-7.219263464,6.756954447040001,-1.420002920000001,-10.586788620799998,,,
2020-02-19 16:24:32.080000,A,528,-308,-852,,,,11.910764824000001,-4.925291896,-7.553474096,7.225100382080001,-1.612181878720001,-10.875559159359998,,,
2020-02-19 16:24:32.120000,A,448,-280,-876,,,,12.086499992,-5.035126376,-7.897099112,7.701530975040001,-1.809193554560001,-11.177698123199997,,,
2020-02-19 16:24:32.160000,A,432,-304,-948,,,,12.255958904,-5.15437524,-8.26896728,8.184990974720002,-2.010598609600001,-11.493582087679997,,,
2020-02-19 16:24:32.200000,A,424,-232,-956,,,,12.422279688,-5.2453809520000005,-8.643973576,8.675229330880002,-2.216773619200001,-11.824340778879996,,,
2020-02-19 16:24:32.240000,A,436,-120,-900,,,,12.593307664,-5.292452872,-8.997012976,9.172120518400002,-2.426588857280001,-12.170099721919996,,,
2020-02-19 16:24:32.280000,A,296,-96,-872,,,,12.709418399999999,-5.330110408,-9.339068928000001,9.675852824960002,-2.638286972160001,-12.529980240959997,,,
2020-02-19 16:24:32.320000,A,300,-40,-976,,,,12.827098199999998,-5.345801048,-9.721920544000001,10.184229560960002,-2.851491388480001,-12.903542998079997,,,
2020-02-19 16:24:32.360000,A,312,36,-1076,,,,12.949485191999997,-5.331679472,-10.143998760000002,10.697313488960003,-3.0653234304000008,-13.292419819839997,,,
2020-02-19 16:24:32.400000,A,228,32,-1100,,,,13.038921839999997,-5.31912696,-10.575491360000003,11.215292896640003,-3.278590609280001,-13.698179770239998,,,
2020-02-19 16:24:32.440000,A,204,64,-1072,,,,13.118944103999997,-5.294021936,-10.996000512000002,11.736849770240003,-3.491355687680001,-14.121199424639999,,,
2020-02-19 16:24:32.480000,A,104,60,-1052,,,,13.159739767999996,-5.270485976,-11.408664344000002,12.261607534400003,-3.703116565120001,-14.561039445119999,,,
2020-02-19 16:24:32.520000,A,204,68,-980,,,,13.239762031999996,-5.243811888,-11.793085024000002,12.787997125120002,-3.913936004160001,-15.017386018879998,,,
2020-02-19 16:24:32.560000,A,64,60,-988,,,,13.264867055999996,-5.2202759279999995,-12.180643832000001,13.317587606400002,-4.123688479680001,-15.489109419839998,,,
2020-02-19 16:24:32.600000,A,100,4,-980,,,,13.304093655999996,-5.218706864,-12.565064512000001,13.848182288640002,-4.332499516800001,-15.976335173119999,,,
2020-02-19 16:24:32.640000,A,-8,20,-880,,,,13.300955527999996,-5.210861543999999,-12.910258592000002,14.380346034880002,-4.541247791360002,-16.4789377536,,,
2020-02-19 16:24:32.680000,A,28,-28,-972,,,,13.311938975999995,-5.221844991999999,-13.291541144000002,14.912384256000003,-4.749682253120001,-16.99534809728,,,
2020-02-19 16:24:32.720000,A,128,-256,-532,,,,13.362149023999995,-5.322265087999999,-13.500226656000002,15.444861815040003,-4.9585560528000014,-17.52700974304,,,
2020-02-19 16:24:32.760000,A,204,-568,-496,,,,13.442171287999995,-5.545072175999999,-13.694790592000002,15.979347776000003,-5.1714466563200014,-18.06701880928,,,
2020-02-19 16:24:32.800000,A,-60,-192,-488,,,,13.418635327999995,-5.620387247999999,-13.886216400000002,16.51703462752,-5.393249543360001,-18.61481043296,,,
2020-02-19 16:24:32.840000,A,364,-752,-540,,,,13.561420151999995,-5.91537128,-14.098040040000003,17.05378004064,-5.6180650332800015,-19.170259088959998,,,
2020-02-19 16:24:32.880000,A,168,-636,-504,,,,13.627320839999994,-6.164852455999999,-14.295742104000002,17.59623684672,-5.854679884480001,-19.73418069056,,,
2020-02-19 16:24:32.920000,A,540,-280,-428,,,,13.839144479999995,-6.274686935999999,-14.463631952000002,18.14132968032,-6.101273982720001,-20.30601037472,,,
2020-02-19 16:24:32.960000,A,552,140,-356,,,,14.055675311999995,-6.219769695999999,-14.603278648000002,18.694895459519998,-6.352261460160001,-20.8845556528,,,
2020-02-19 16:24:33,A,580,-620,-508,,,,14.283189591999994,-6.4629746159999995,-14.802549776000001,19.257122472,-6.601052248000001,-21.46868679872,,,
2020-02-19 16:24:34,H,,,,105,,,,,,,,,,,
2020-02-19 16:24:34,M,,,,,,,,,,,,,-66,-226,-462
2020-02-19 16:24:33.040000,A,676,-612,-1148,,,,14.548361407999995,-6.703041408,-15.252871144000002,19.828450055679998,-6.859571232640001,-22.06078878976,,,
2020-02-19 16:24:33.080000,A,652,-268,-328,,,,14.804118839999994,-6.808168696,-15.381534392000002,20.410384511999997,-7.127692888960001,-22.67090363552,,,
2020-02-19 16:24:33.120000,A,1276,-1436,-404,,,,15.304650255999993,-7.371462672,-15.540009856000003,21.002549265599995,-7.4000196368000015,-23.286165011199998,,,
2020-02-19 16:24:33.160000,A,2332,-116,-288,,,,16.219414567999994,-7.4169655279999995,-15.652982464000003,21.614735275839994,-7.694878143680001,-23.90776540544,,,
2020-02-19 16:24:33.200000,A,2092,388,-16,,,,17.040035039999996,-7.26476632,-15.659258720000002,22.263511858559994,-7.991556764800001,-24.533884704,,,
2020-02-19 16:24:33.240000,A,2320,364,-1048,,,,17.950092159999997,-7.121981496,-16.070353488000002,22.945113260159992,-8.282147417600001,-25.160255052799997,,,
2020-02-19 16:24:33.280000,A,1284,116,-380,,,,18.453761703999998,-7.07647864,-16.219414568,23.66311694655999,-8.567026677440001,-25.803069192319995,,,
2020-02-19 16:24:33.320000,A,708,1472,408,,,,18.731486032,-6.499063088000001,-16.05937004,24.401267414719992,-8.85008582304,-26.451845775039995,,,
2020-02-19 16:24:33.360000,A,1392,1252,-180,,,,19.277520304,-6.007946056000001,-16.12997792,25.150526855999992,-9.110048346560001,-27.094220576639994,,,
2020-02-19 16:24:33.400000,A,1104,640,-448,,,,19.710581968,-5.756895816000001,-16.305713088,25.921627668159992,-9.3503661888,-27.739419693439995,,,
2020-02-19 16:24:33.440000,A,1764,456,-216,,,,20.402539192,-5.578022520000001,-16.390442544000003,26.710050946879992,-9.580642021440001,-28.391648216959997,,,
2020-02-19 16:24:33.480000,A,1812,-316,-460,,,,21.113325184,-5.701978576000001,-16.570884904000003,27.526152514559993,-9.80376292224,-29.047265918719997,,,
2020-02-19 16:24:33.520000,A,1836,-428,-652,,,,21.83352556,-5.869868424000001,-16.826642336000003,28.37068552191999,-10.031842065280001,-29.710101314879996,,,
2020-02-19 16:24:33.560000,A,1364,-640,-292,,,,22.368576384,-6.120918664,-16.941184008000004,29.244026544319993,-10.26663680224,-30.383167008319997,,,
2020-02-19 16:24:33.600000,A,1100,-392,-144,,,,22.800068984,-6.274686936,-16.997670312000004,30.138769599679993,-10.511473548800002,-31.06081436864,,,
2020-02-19 16:24:33.640000,A,1164,-572,48,,,,23.256666608,-6.499063088,-16.978841544000005,31.050772359039993,-10.762461026240002,-31.740721181119998,,,
2020-02-19 16:24:33.680000,A,548,-748,424,,,,23.471628375999998,-6.792478056,-16.812520760000005,31.981039023359994,-11.022423549760003,-32.41987484288,,,
2020-02-19 16:24:33.720000,A,584,-836,732,,,,23.700711719999997,-7.120412432,-16.525382048000004,32.919904158399994,-11.294122672000002,-33.092375673279996,,,
2020-02-19 16:24:33.760000,A,660,-460,584,,,,23.959607279999997,-7.300854792,-16.296298704000005,33.86793262719999,-11.578939169280002,-33.7533909552,,,
2020-02-19 16:24:33.800000,A,420,-456,360,,,,24.124359,-7.479728088,-16.155082944000004,34.82631691839999,-11.87097336096,-34.40524290336,,,
2020-02-19 16:24:33.840000,A,56,-488,104,,,,24.146325895999997,-7.671153896,-16.114287280000003,35.79129127839999,-12.17016248448,-35.051446221119996,,,
2020-02-19 16:24:33.880000,A,-16,-364,164,,,,24.140049639999997,-7.8139387199999994,-16.049955656,36.75714431423999,-12.477008640320001,-35.69601771231999,,,
2020-02-19 16:24:33.920000,A,-140,-396,372,,,,24.085132399999996,-7.969276055999999,-15.904032704000002,37.72274629983999,-12.78956618912,-36.33801593855999,,,
2020-02-19 16:24:33.960000,A,-232,-508,460,,,,23.994126687999994,-8.168547184,-15.723590344000002,38.68615159583999,-13.10833723136,-36.97417724671999,,,
2020-02-19 16:24:34,A,-80,-336,716,,,,23.962745407999993,-8.30034856,-15.442727888000002,39.64591666335999,-13.435079118720001,-37.60312086047999,,,
2020-02-19 16:24:35,H,,,,105,,,,,,,,,,,
2020-02-19 16:24:35,M,,,,,,,,,,,,,134,-370,335
2020-02-19 16:24:34.040000,A,-32,-316,836,,,,23.950192895999994,-8.424304616,-15.114793512000002,40.604426479679994,-13.76709306112,-38.22082997599999,,,
2020-02-19 16:24:34.080000,A,-12,-376,964,,,,23.945485703999992,-8.571796632,-14.736649088000002,41.56243419551999,-14.104065245760001,-38.825421716479994,,,
2020-02-19 16:24:34.120000,A,-168,-308,1148,,,,23.879585015999993,-8.692614559999999,-14.286327720000001,42.52025362367999,-14.44693711104,-39.41488767999999,,,
2020-02-19 16:24:34.160000,A,-64,-512,1284,,,,23.854479991999995,-8.893454751999998,-13.782658176000002,43.475437024319994,-14.794641693440001,-39.98634078879999,,,
2020-02-19 16:24:34.200000,A,4,-692,1372,,,,23.856049055999996,-9.164902823999999,-13.244469224000001,44.42961622399999,-15.150379883520001,-40.537647115839995,,,
2020-02-19 16:24:34.240000,A,104,-612,1240,,,,23.896844719999997,-9.404969615999999,-12.758059384000001,45.38385818623999,-15.516975996480001,-41.067425884799995,,,
2020-02-19 16:24:34.280000,A,204,-764,1024,,,,23.976866983999997,-9.704660839999999,-12.356379,46.33973197503999,-15.89317478112,-41.57774826015999,,,
2020-02-19 16:24:34.320000,A,108,-660,1004,,,,24.019231711999996,-9.963556399999998,-11.962543936000001,47.29880665439999,-16.28136121472,-42.072003420159994,,,
2020-02-19 16:24:34.360000,A,236,-748,844,,,,24.111806487999996,-10.256971367999999,-11.631471432000001,48.25957592287999,-16.67990347072,-42.550505177599995,,,
2020-02-19 16:24:34.400000,A,464,-1116,776,,,,24.293817911999994,-10.694740223999998,-11.327073016000002,49.22404818239999,-17.09018232544,-43.01576403487999,,,
2020-02-19 16:24:34.440000,A,608,-572,644,,,,24.532315639999993,-10.919116375999998,-11.074453712000002,50.19580089887999,-17.517971934400002,-43.46884695551999,,,
2020-02-19 16:24:34.480000,A,372,-488,428,,,,24.678238591999992,-11.110542183999998,-10.906563864000002,51.177093524479986,-17.954736589440003,-43.911825103999995,,,
2020-02-19 16:24:34.520000,A,40,-404,320,,,,24.69392923199999,-11.269017647999998,-10.781038744000002,52.164223068159984,-18.3991582768,-44.34808765856,,,
2020-02-19 16:24:34.560000,A,16,-728,388,,,,24.70020548799999,-11.554587295999998,-10.628839536000001,53.151980237439986,-18.849918982720002,-44.77932920832,,,
2020-02-19 16:24:34.600000,A,8,-848,304,,,,24.70334361599999,-11.887228863999997,-10.509590672000002,54.13998845695998,-19.312102474560003,-45.20448278976,,,
2020-02-19 16:24:34.640000,A,-4,-772,408,,,,24.70177455199999,-12.190058215999997,-10.349546144000001,55.128122201599986,-19.78759162912,-45.62486641664,,,
2020-02-19 16:24:34.680000,A,-56,-516,584,,,,24.67980765599999,-12.392467471999996,-10.120462800000002,56.11619318367998,-20.275193957760003,-46.0388482624,,,
2020-02-19 16:24:34.720000,A,68,-388,856,,,,24.70648174399999,-12.544666679999997,-9.784683104000003,57.10338548991998,-20.77089265664,-46.4436667744,,,
2020-02-19 16:24:34.760000,A,48,-648,1048,,,,24.72531051199999,-12.798855047999997,-9.373588336000003,58.09164475967998,-21.272679323840002,-46.83505409856,,,
2020-02-19 16:24:34.800000,A,152,-664,1056,,,,24.78493494399999,-13.059319671999997,-8.959355440000003,59.08065718015998,-21.78463352576,-47.209997632000004,,,
2020-02-19 16:24:34.840000,A,224,-528,1240,,,,24.87280252799999,-13.266436119999998,-8.472945600000003,60.07205457791998,-22.30700631264,-47.568371849600005,,,
2020-02-19 16:24:34.880000,A,28,-764,1164,,,,24.88378597599999,-13.566127343999998,-8.016347976000002,61.06696667903998,-22.837663757439998,-47.907289673600005,,,
2020-02-19 16:24:34.920000,A,152,-608,1112,,,,24.94341040799999,-13.804625071999999,-7.580148184000002,62.06231811807998,-23.3803088512,-48.22794359264,,,
2020-02-19 16:24:34.960000,A,208,-400,1080,,,,25.02500173599999,-13.961531471999999,-7.156500904000002,63.06005453439998,-23.93249385408,-48.53114952,,,
2020-02-19 16:24:35,A,252,-540,1024,,,,25.12385276799999,-14.173355112,-6.754820520000003,64.06105460383998,-24.490955112960002,-48.81740955616,,,
2020-02-19 16:24:36,H,,,,104,,,,,,,,,,,
2020-02-19 16:24:36,M,,,,,,,,,,,,,333,-317,282
2020-02-19 16:24:35.040000,A,496,-748,992,,,,25.31841670399999,-14.46677008,-6.365692648000003,65.06600871455997,-25.05788931744,-49.08760237696,,,
2020-02-19 16:24:35.080000,A,580,-484,876,,,,25.54593098399999,-14.656626824,-6.022067632000003,66.07874538271997,-25.636560120640002,-49.34223008288,,,
2020-02-19 16:24:35.120000,A,296,-380,632,,,,25.66204171999999,-14.805687904,-5.774155520000003,67.10058262207997,-26.222825193600002,-49.58311278816,,,
2020-02-19 16:24:35.160000,A,128,-424,604,,,,25.71225176799999,-14.972008687999999,-5.537226856000004,68.12706429087997,-26.815052709760003,-49.81407900896,,,
2020-02-19 16:24:35.200000,A,212,-644,540,,,,25.79541215999999,-15.224627991999998,-5.325403216000003,69.15555436159997,-27.413933057280005,-50.0355680832,,,
2020-02-19 16:24:35.240000,A,44,-632,436,,,,25.81267186399999,-15.472540103999998,-5.154375240000003,70.18737084799997,-28.022918176960005,-50.24858421184,,,
2020-02-19 16:24:35.280000,A,-12,-676,600,,,,25.80796467199999,-15.737711919999999,-4.919015640000003,71.21987772255997,-28.641819781120006,-50.45475922144,,,
2020-02-19 16:24:35.320000,A,228,-628,660,,,,25.89740131999999,-15.984054967999999,-4.660120080000003,72.25219630943997,-29.271328257920008,-50.65151984704,,,
2020-02-19 16:24:35.360000,A,196,-472,860,,,,25.97428545599999,-16.169204519999997,-4.322771320000003,73.28809236223996,-29.91069045664001,-50.83792465024,,,
2020-02-19 16:24:35.400000,A,72,-424,1044,,,,26.00252860799999,-16.335525303999997,-3.913245616000003,74.32706378047996,-30.557458637440007,-51.01083550304,,,
2020-02-19 16:24:35.440000,A,28,-772,996,,,,26.013512055999993,-16.638354655999997,-3.522548680000003,75.36716492479997,-31.210879649600006,-51.16736532768,,,
2020-02-19 16:24:35.480000,A,128,-784,928,,,,26.063722103999993,-16.9458912,-3.158525832000003,76.40770540703997,-31.876413835840005,-51.30826727488,,,
2020-02-19 16:24:35.520000,A,152,-736,984,,,,26.123346535999993,-17.234598975999997,-2.772536088000003,77.45025429119997,-32.55424948384,-51.43460830816,,,
2020-02-19 16:24:35.560000,A,192,-676,880,,,,26.19866160799999,-17.499770791999996,-2.4273420080000028,78.49518815263997,-33.243633442880004,-51.54550975168,,,
2020-02-19 16:24:35.600000,A,188,-684,856,,,,26.27240761599999,-17.768080735999995,-2.091562312000003,79.54313461695997,-33.94362427456,-51.642603432,,,
2020-02-19 16:24:35.640000,A,232,-644,828,,,,26.363413327999993,-18.020700039999994,-1.7667660640000027,80.59403092159998,-34.654347504,-51.72626592448,,,
2020-02-19 16:24:35.680000,A,424,-876,892,,,,26.529734111999993,-18.364325055999995,-1.4168647920000026,81.64856745471998,-35.3751755056,-51.79693656704001,,,
2020-02-19 16:24:35.720000,A,652,-880,708,,,,26.785491543999992,-18.709519135999994,-1.1391404640000027,82.70975681919998,-36.109748507839996,-51.85361115872001,,,
2020-02-19 16:24:35.760000,A,680,-468,484,,,,27.052232423999993,-18.893099623999994,-0.9492837200000026,83.78117648095999,-36.85812927327999,-51.899176777280005,,,
2020-02-19 16:24:35.800000,A,60,-524,336,,,,27.075768383999993,-19.098647007999993,-0.8174823440000026,84.86326577791999,-37.61385325823999,-51.937148126080004,,,
2020-02-19 16:24:35.840000,A,52,-496,468,,,,27.096166215999993,-19.293210943999995,-0.6339018560000027,85.94629651327999,-38.37779913855999,-51.96984741984,,,
2020-02-19 16:24:35.880000,A,132,-668,496,,,,27.14794532799999,-19.555244631999994,-0.4393379200000027,87.03014316192,-39.14952757631999,-51.99520349408,,,
2020-02-19 16:24:35.920000,A,88,-712,420,,,,27.182464735999993,-19.834538023999993,-0.27458620000000267,88.11606097504,-39.93173736159999,-52.01277701088,,,
2020-02-19 16:24:35.960000,A,172,-924,604,,,,27.249934487999994,-20.196991807999993,-0.037657536000002656,89.20335956448,-40.72511888255999,-52.02376045888,,,
2020-02-19 16:24:36,A,160,-796,868,,,,27.312697047999993,-20.509235543999992,0.30282935199999733,90.293356944,-41.53299855487999,-52.02526676032,,,
2020-02-19 16:24:37,H,,,,104,,,,,,,,,,,
2020-02-19 16:24:37,M,,,,,,,,,,,,,258,-340,246
2020-02-19 16:24:36.040000,A,196,-656,1012,,,,27.389581183999994,-20.766562039999993,0.6998025439999973,91.38586482592,-42.35336797663999,-52.01315358624,,,
2020-02-19 16:24:36.080000,A,-12,-720,960,,,,27.384873991999992,-21.048993559999992,1.0763779039999974,92.48144807327999,-43.18403045823999,-51.98516148448,,,
2020-02-19 16:24:36.120000,A,36,-756,876,,,,27.398995567999993,-21.345546655999993,1.4200029199999975,93.57684303295999,-44.02599020063999,-51.942106368320005,,,
2020-02-19 16:24:36.160000,A,196,-808,820,,,,27.475879703999993,-21.662497583999993,1.7416610399999977,94.67280285567999,-44.879812066879985,-51.88530625152001,,,
2020-02-19 16:24:36.200000,A,252,-824,856,,,,27.574730735999992,-21.985724767999994,2.0774407359999976,95.77183804383999,-45.74631197023999,-51.81563980992001,,,
2020-02-19 16:24:36.240000,A,316,-664,908,,,,27.698686791999993,-22.246189391999994,2.4336182639999975,96.87482727327999,-46.62574096095999,-51.73254218048001,,,
2020-02-19 16:24:36.280000,A,472,-892,864,,,,27.88383634399999,-22.596090663999995,2.7725360879999976,97.98277474496,-47.51558853663999,-51.63519744992001,,,
2020-02-19 16:24:36.320000,A,588,-1072,756,,,,28.114488751999993,-23.016599815999996,3.0690891839999974,99.09812819871999,-48.419432163199986,-51.52429600640001,,,
2020-02-19 16:24:36.360000,A,608,-448,648,,,,28.35298647999999,-23.192334983999995,3.3232775519999973,100.22270774879999,-49.34009615583999,-51.401532439040004,,,
2020-02-19 16:24:36.400000,A,168,-404,468,,,,28.41888716799999,-23.350810447999994,3.5068580399999973,101.35682720799998,-50.26778955519999,-51.26860133696,,,
2020-02-19 16:24:36.440000,A,88,-516,412,,,,28.453406575999992,-23.553219703999993,3.6684716319999975,102.49358269471999,-51.20182197311999,-51.12832701536,,,
2020-02-19 16:24:36.480000,A,132,-552,512,,,,28.50518568799999,-23.769750535999993,3.8693118239999973,103.63171895775999,-52.14395076127999,-50.98158815008,,,
2020-02-19 16:24:36.520000,A,92,-596,396,,,,28.54127415999999,-24.003541071999994,4.024649159999997,104.77192638527998,-53.09474078271999,-50.82681567712,,,
2020-02-19 16:24:36.560000,A,200,-748,440,,,,28.619727359999988,-24.296956039999994,4.197246199999998,105.91357735167998,-54.054882425599985,-50.665829710720004,,,
2020-02-19 16:24:36.600000,A,184,-644,564,,,,28.691904303999987,-24.549575343999994,4.4184842239999975,107.05836644607997,-55.02676066719999,-50.49793986272,,,
2020-02-19 16:24:36.640000,A,120,-524,912,,,,28.738976223999988,-24.755122727999993,4.776230815999997,108.20604261823998,-56.00874368095999,-50.32120049376,,,
2020-02-19 16:24:36.680000,A,128,-304,1308,,,,28.789186271999988,-24.874371591999992,5.289314743999998,109.35560166719998,-56.99894859007999,-50.130151261120005,,,
2020-02-19 16:24:36.720000,A,16,-352,1296,,,,28.795462527999987,-25.012449223999994,5.7976914799999975,110.50716911807997,-57.99392345375999,-49.91857867136,,,
2020-02-19 16:24:36.760000,A,4,-464,1180,,,,28.79703159199999,-25.194460647999993,6.2605653599999975,111.65898761919998,-58.99442142271999,-49.686671012160005,,,
2020-02-19 16:24:36.800000,A,84,-388,1300,,,,28.82998193599999,-25.34665985599999,6.770511159999997,112.81086888287997,-60.00219984863999,-49.436248397760004,,,
2020-02-19 16:24:36.840000,A,32,-76,1192,,,,28.842534447999988,-25.37647207199999,7.238092231999997,113.96406816031997,-61.01606624287999,-49.16542795136,,,
2020-02-19 16:24:36.880000,A,264,-172,1164,,,,28.94609267199999,-25.443941823999992,7.6946898559999966,115.11776953823997,-62.031125125759985,-48.87590426208,,,
2020-02-19 16:24:36.920000,A,360,-480,1252,,,,29.08730843199999,-25.63222950399999,8.185806887999997,116.27561324511997,-63.04888279871999,-48.56811666784,,,
2020-02-19 16:24:36.960000,A,660,-56,960,,,,29.34620399199999,-25.65419639999999,8.562382247999997,117.43910558239997,-64.07417197887999,-48.24068439232,,,
2020-02-19 16:24:37,A,524,-264,840,,,,29.551751375999988,-25.75775462399999,8.891885687999997,118.61295374207998,-65.10033983487999,-47.898189102399996,,,
2020-02-19 16:24:38,H,,,,104,,,,,,,,,,,
2020-02-19 16:24:38,M,,,,,,,,,,,,,301,-255,255
2020-02-19 16:24:37.040000,A,128,-568,652,,,,29.601961423999988,-25.98056171199999,9.147643119999996,119.79502379711998,-66.13065001983999,-47.54251367488,,,
2020-02-19 16:24:37.080000,A,264,-212,588,,,,29.70551964799999,-26.06372210399999,9.378295527999995,120.97910225407998,-67.16987248832,-47.17660795008,,,
2020-02-19 16:24:37.120000,A,156,-448,508,,,,29.76671314399999,-26.23945727199999,9.577566655999995,122.16732303999997,-68.21242137248,-46.80147612896,,,
2020-02-19 16:24:37.160000,A,52,-632,452,,,,29.78711097599999,-26.48736938399999,9.754870887999996,123.35799156575997,-69.26199966336,-46.41837346272,,,
2020-02-19 16:24:37.200000,A,144,-576,568,,,,29.84359727999999,-26.71331459999999,9.977677975999995,124.54947600479997,-70.32149443872,-46.0281786272,,,
2020-02-19 16:24:37.240000,A,228,-540,784,,,,29.93303392799999,-26.92513823999999,10.285214519999995,125.74321989599997,-71.39002702271999,-45.62907150816,,,
2020-02-19 16:24:37.280000,A,208,-656,1032,,,,30.014625255999988,-27.18246473599999,10.690033031999995,126.94054125311997,-72.46703255231999,-45.21766292736,,,
2020-02-19 16:24:37.320000,A,68,-624,1176,,,,30.041299343999988,-27.427238719999988,11.151337847999995,128.14112626335998,-73.55433114175999,-44.79006160608,,,
2020-02-19 16:24:37.360000,A,92,-636,1060,,,,30.077387815999987,-27.676719895999987,11.567139807999995,129.34277823711997,-74.65142069055999,-44.34400809216,,,
2020-02-19 16:24:37.400000,A,152,-736,1064,,,,30.137012247999987,-27.965427671999986,11.984510831999994,130.54587374975998,-75.75848948639998,-43.88132249984,,,
2020-02-19 16:24:37.440000,A,60,-816,1100,,,,30.160548207999987,-28.285516727999987,12.416003431999995,131.75135423967998,-76.87710659327998,-43.401942066560004,,,
2020-02-19 16:24:37.480000,A,12,-612,1004,,,,30.16525539999999,-28.525583519999987,12.809838495999994,132.95777616799998,-78.00852726239998,-42.90530192928001,,,
2020-02-19 16:24:37.520000,A,232,-660,916,,,,30.25626111199999,-28.784479079999986,13.169154151999994,134.16438638399998,-79.14955060319998,-42.39290838944001,,,
2020-02-19 16:24:37.560000,A,560,-904,748,,,,30.47593007199999,-29.139087543999985,13.462569119999994,135.37463682848,-80.30092976639999,-41.86614222336001,,,
2020-02-19 16:24:37.600000,A,784,-1128,684,,,,30.78346661599999,-29.581563591999984,13.730879063999994,136.59367403136,-81.46649326816,-41.32763945856001,,,
2020-02-19 16:24:37.640000,A,724,-604,724,,,,31.067467199999992,-29.818492255999985,14.014879647999994,137.825012696,-82.64975581184,-40.778404296000005,,,
2020-02-19 16:24:37.680000,A,152,-360,264,,,,31.127091631999992,-29.959708015999986,14.118437871999994,139.06771138399998,-83.84249550208,-40.217809110080005,,,
2020-02-19 16:24:37.720000,A,-16,-572,132,,,,31.120815375999992,-30.184084167999988,14.170216983999994,140.31279504927997,-85.04088382271999,-39.653071595200004,,,
2020-02-19 16:24:37.760000,A,112,-688,180,,,,31.164749167999993,-30.453963175999988,14.240824863999995,141.55762766431997,-86.24824718944,-39.08626291584,,,
2020-02-19 16:24:37.800000,A,-12,-660,340,,,,31.16004197599999,-30.712858735999987,14.374195303999995,142.80421763103996,-87.46640571648,-38.51662992128,,,
2020-02-19 16:24:37.840000,A,52,-788,364,,,,31.180439807999992,-31.021964343999986,14.516980127999995,144.05061931007995,-88.69492006592,-37.94166210912,,,
2020-02-19 16:24:37.880000,A,104,-952,624,,,,31.221235471999993,-31.395401575999987,14.761754111999995,145.29783690239995,-89.93579863968,-37.360982904000004,,,
2020-02-19 16:24:37.920000,A,68,-704,1036,,,,31.247909559999993,-31.671556839999987,15.168141687999995,146.54668632127996,-91.19161470272,-36.77051273952,,,
2020-02-19 16:24:37.960000,A,100,-584,956,,,,31.287136159999992,-31.900640183999986,15.543147983999996,147.79660270367995,-92.45847697632,-36.163787072,,,
2020-02-19 16:24:38,A,-80,-564,816,,,,31.25575487999999,-32.121878207999984,15.863237039999996,149.04808815007996,-93.73450258368,-35.542061152639995,,,
2020-02-19 16:24:39,H,,,,104,,,,,,,,,,,
2020-02-19 16:24:39,M,,,,,,,,,,,,,173,-346,291
2020-02-19 16:24:38.040000,A,-28,-688,1020,,,,31.24477143199999,-32.39175721599998,16.263348359999995,150.29831834527997,-95.019377712,-34.90753167104,,,
2020-02-19 16:24:38.080000,A,20,-572,1092,,,,31.25261675199999,-32.61613336799998,16.691702831999994,151.54810920255997,-96.31504800063999,-34.256997736639995,,,
2020-02-19 16:24:38.120000,A,4,-524,1076,,,,31.254185815999993,-32.82168075199998,17.113781047999993,152.79821387263996,-97.61969333535998,-33.589329623359994,,,
2020-02-19 16:24:38.160000,A,352,-652,1096,,,,31.392263447999994,-33.07743818399998,17.543704583999993,154.04838130527997,-98.93256056543999,-32.904778381439996,,,
2020-02-19 16:24:38.200000,A,356,-852,1024,,,,31.531910143999994,-33.41164881599998,17.945384967999992,155.30407184319998,-100.25565809279999,-32.20303019807999,,,
2020-02-19 16:24:38.240000,A,504,-476,884,,,,31.729612207999995,-33.59836743199998,18.292148111999992,156.56534824895996,-101.59212404543999,-31.485214799359994,,,
2020-02-19 16:24:38.280000,A,456,-448,552,,,,31.908485503999994,-33.774102599999985,18.508678943999993,157.83453273727997,-102.93605874272,-30.753528874879994,,,
2020-02-19 16:24:38.320000,A,76,-452,420,,,,31.938297719999994,-33.95140683199998,18.673430663999994,159.11087215743999,-104.28702284671999,-30.013181717119995,,,
2020-02-19 16:24:38.360000,A,44,-332,596,,,,31.955557423999995,-34.08163914399998,18.907221199999995,160.38840406623999,-105.64507911999999,-29.266244490559995,,,
2020-02-19 16:24:38.400000,A,128,-704,432,,,,32.005767471999995,-34.35779440799998,19.076680111999995,161.66662636319998,-107.00834468576,-28.509955642559994,,,
2020-02-19 16:24:38.440000,A,172,-736,512,,,,32.073237223999996,-34.646502183999985,19.277520303999996,162.94685706207997,-108.38265646207999,-27.746888438079996,,,
2020-02-19 16:24:38.480000,A,184,-492,768,,,,32.145414167999995,-34.839497055999985,19.578780591999998,164.22978655103998,-109.76851654944,-26.975787625919995,,,
2020-02-19 16:24:38.520000,A,352,-568,1004,,,,32.28349179999999,-35.06230414399999,19.972615656,165.51560311775998,-111.16209643168,-26.192636402239994,,,
2020-02-19 16:24:38.560000,A,200,-820,1140,,,,32.36194499999999,-35.38396226399999,20.419798896,166.80694278975997,-112.56458859744,-25.393731775999996,,,
2020-02-19 16:24:38.600000,A,-36,-768,1208,,,,32.34782342399999,-35.68522255199999,20.893656224,168.10142058975998,-113.97994708799999,-24.576939820159996,,,
2020-02-19 16:24:38.640000,A,84,-480,1124,,,,32.38077376799999,-35.873510231999994,21.334563208000002,169.39533352671998,-115.40735599007999,-23.741193571199997,,,
2020-02-19 16:24:38.680000,A,216,-712,1052,,,,32.46550322399999,-36.15280362399999,21.747227040000002,170.69056447743998,-116.84229639936,-22.887811042879996,,,
2020-02-19 16:24:38.720000,A,112,-656,1008,,,,32.509437015999985,-36.41013011999999,22.142631168,171.9891846064,-118.28840854431999,-22.017921961279995,,,
2020-02-19 16:24:38.760000,A,292,-528,940,,,,32.62397868799999,-36.61724656799999,22.511361208,173.28956208704,-119.74481374912,-21.132216714559995,,,
2020-02-19 16:24:38.800000,A,508,-796,872,,,,32.823249815999986,-36.92949030399999,22.85341716,174.59452123456,-121.20950361183999,-20.231762266239993,,,
2020-02-19 16:24:38.840000,A,668,-656,772,,,,33.08528350399999,-37.18681679999999,23.156246512,175.9074512272,-122.68668322399999,-19.317625579839994,,,
2020-02-19 16:24:38.880000,A,432,-488,652,,,,33.25474241599999,-37.37824260799999,23.412003944,177.23086256736,-124.17415589599999,-18.391375719359996,,,
2020-02-19 16:24:38.920000,A,216,-404,596,,,,33.33947187199999,-37.536718071999985,23.64579448,178.56105226399998,-125.66928560031998,-17.454895561599997,,,
2020-02-19 16:24:38.960000,A,184,-400,404,,,,33.41164881599999,-37.69362447199998,23.804269943999998,179.89463113888,-127.17075432319999,-16.5090637824,,,
2020-02-19 16:24:39,A,196,-600,500,,,,33.488532951999986,-37.928984071999984,24.000402943999998,181.23109709151998,-128.67849930207998,-15.55689298464,,,
2020-02-19 16:24:40,H,,,,103,,,,,,,,,,,
2020-02-19 16:24:40,M,,,,,,,,,,,,,265,-373,192
2020-02-19 16:24:39.040000,A,92,-616,496,,,,33.52462142399999,-38.17061992799999,24.19496688,182.57063840959998,-130.19565866495998,-14.596876866879999,,,
2020-02-19 16:24:39.080000,A,196,-664,636,,,,33.601505559999985,-38.43108455199999,24.444448056,183.91162326655999,-131.72248346207996,-13.62907819168,,,
2020-02-19 16:24:39.120000,A,360,-676,788,,,,33.74272131999999,-38.696256367999986,24.753553664,185.25568348896,-133.25972684415996,-12.65130026944,,,
2020-02-19 16:24:39.160000,A,224,-772,1004,,,,33.83058890399999,-38.99908571999999,25.147388728,186.60539234176,-134.80757709887996,-11.66115812288,,,
2020-02-19 16:24:39.200000,A,64,-612,1124,,,,33.85569392799999,-39.23915251199999,25.588295712,187.95861589792,-136.36754052767995,-10.65526257376,,,
2020-02-19 16:24:39.240000,A,108,-720,984,,,,33.89805865599999,-39.52158403199999,25.974285456,189.31284365503998,-137.93710662815994,-9.63173074528,,,
2020-02-19 16:24:39.280000,A,408,-928,872,,,,34.05810318399999,-39.88560687999999,26.316341408,190.66876600127998,-139.51796998943993,-8.59275932704,,,
2020-02-19 16:24:39.320000,A,296,-732,840,,,,34.17421391999999,-40.17274559199999,26.645844848,192.03109012864,-141.11339426463994,-7.540105670719999,,,
2020-02-19 16:24:39.360000,A,292,-528,912,,,,34.288755591999994,-40.37986203999999,27.00359144,193.39805868544,-142.72030408831995,-6.4742718768,,,
2020-02-19 16:24:39.400000,A,572,-820,952,,,,34.51313174399999,-40.701520159999994,27.377028672,194.76960890912,-144.33549856991993,-5.3941282192,,,
2020-02-19 16:24:39.440000,A,668,-892,788,,,,34.775165431999994,-41.05142143199999,27.68613428,196.15013417888,-145.96355937631992,-4.29904707232,,,
2020-02-19 16:24:39.480000,A,476,-680,708,,,,34.961884047999995,-41.31816231199999,27.963858608000002,197.54114079616,-147.60561623359993,-3.1916017011199997,,,
2020-02-19 16:24:39.520000,A,108,-468,500,,,,35.004248776,-41.50174279999999,28.159991608000002,198.93961615807999,-149.25834272607995,-2.0730473567999996,,,
2020-02-19 16:24:39.560000,A,336,-560,484,,,,35.136050151999996,-41.72141175999999,28.349848352000002,200.33978610911998,-150.91841243807994,-0.9466476924799996,,,
2020-02-19 16:24:39.600000,A,464,-512,440,,,,35.318061576,-41.92225195199999,28.522445392,201.74522811519998,-152.58726890847993,0.18734624160000046,,,
2020-02-19 16:24:39.640000,A,408,-640,572,,,,35.478106104,-42.17330219199999,28.746821544000003,203.15795057824,-154.26415898655992,1.3282440572800005,,,
2020-02-19 16:24:39.680000,A,308,-660,620,,,,35.598924032,-42.432197751999986,28.990026464000003,204.5770748224,-155.9510910742399,2.4781169190400005,,,
2020-02-19 16:24:39.720000,A,108,-832,676,,,,35.64128876,-42.758563063999986,29.255198280000002,206.00103178368,-157.64837898431992,3.6377179776000004,,,
2020-02-19 16:24:39.760000,A,204,-308,800,,,,35.721311024,-42.87938099199999,29.569011080000003,207.42668333408,-159.35872150687993,4.807925908800001,,,
2020-02-19 16:24:39.800000,A,32,-428,1016,,,,35.733863536,-43.04727083999999,29.967553336,208.85553577503998,-161.07389674655994,5.990686352000001,,,
2020-02-19 16:24:39.840000,A,-112,-536,980,,,,35.689929744000004,-43.257525415999986,30.351974016000003,210.28489031648,-162.79578758015992,7.189388485440001,,,
2020-02-19 16:24:39.880000,A,80,-436,1060,,,,35.721311024,-43.42855339199998,30.767775976000003,211.71248750624,-164.52608859679992,8.40346744608,,,
2020-02-19 16:24:39.920000,A,8,-312,1156,,,,35.724449152000005,-43.550940383999986,31.221235472000004,213.14133994719998,-166.2632307324799,9.634178485120001,,,
2020-02-19 16:24:39.960000,A,0,-504,980,,,,35.724449152000005,-43.748642447999984,31.605656152000005,214.57031791327998,-168.00526834783992,10.883027904000002,,,
2020-02-19 16:24:40,A,152,-384,1136,,,,35.784073584000005,-43.89927259199998,32.05127032800001,215.99929587935998,-169.7552140457599,12.147254150080002,,,
2020-02-19 16:24:41,H,,,,103,,,,,,,,,,,
2020-02-19 16:24:41,M,,,,,,,,,,,,,219,-288,324
2020-02-19 16:24:40.040000,A,216,-460,1252,,,,35.86880304,-44.07971495199998,32.542387360000006,217.43065882271998,-171.51118494943992,13.429304963200002,,,
2020-02-19 16:24:40.080000,A,524,-512,1036,,,,36.074350424,-44.28055514399998,32.94877493600001,218.86541094432,-173.27437354751993,14.731000457600002,,,
2020-02-19 16:24:40.120000,A,688,-396,768,,,,36.344229432,-44.435892479999985,33.25003522400001,220.30838496127998,-175.04559575327994,16.04895145504,,,
2020-02-19 16:24:40.160000,A,320,-220,544,,,,36.469754552,-44.522190999999985,33.46342792800001,221.76215413856,-176.82303145247994,17.378952864000002,,,
2020-02-19 16:24:40.200000,A,-24,-328,604,,,,36.460340167999995,-44.65085424799999,33.700356592000006,223.22094432064,-178.60391909247994,18.717489981120004,,,
2020-02-19 16:24:40.240000,A,264,-456,620,,,,36.56389839199999,-44.82972754399999,33.943561512,224.67935792736,-180.38995326239993,20.065504244800003,,,
2020-02-19 16:24:40.280000,A,8,-404,684,,,,36.567036519999995,-44.988203007999985,34.211871456000004,226.14191386304,-182.18314236415992,21.423246705280004,,,
2020-02-19 16:24:40.320000,A,40,-432,672,,,,36.58272716,-45.15766191999999,34.475474208,227.60459532384002,-183.9826704844799,22.791721563520003,,,
2020-02-19 16:24:40.360000,A,92,-420,840,,,,36.618815632,-45.322413639999986,34.804977648000005,229.06790441024,-185.7889769612799,24.170740531840003,,,
2020-02-19 16:24:40.400000,A,136,-172,1120,,,,36.672163808,-45.38988339199999,35.244315568000005,230.53265703552,-187.6018735068799,25.562939637760003,,,
2020-02-19 16:24:40.440000,A,40,-236,1164,,,,36.687854448,-45.48245816799999,35.700913192,231.99954358784,-189.4174688425599,26.97271226048,,,
2020-02-19 16:24:40.480000,A,-44,-492,1140,,,,36.670594744000006,-45.67545303999999,36.148096432,233.46705776576002,-191.23676716927991,28.40074878816,,,
2020-02-19 16:24:40.520000,A,36,-292,1164,,,,36.68471632000001,-45.78999471199999,36.604694056,234.93388155552003,-193.0637852908799,29.84667264544,,,
2020-02-19 16:24:40.560000,A,72,-468,1116,,,,36.71295947200001,-45.973575199999985,37.042462912,236.40127020832003,-194.8953850793599,31.310860407680003,,,
2020-02-19 16:24:40.600000,A,120,-548,1032,,,,36.76003139200001,-46.18853696799999,37.447281423999996,237.86978858720002,-196.7343280873599,32.792558924160005,,,
2020-02-19 16:24:40.640000,A,164,-500,1064,,,,36.82436301600001,-46.38466996799999,37.864652447999994,239.34018984288002,-198.5818695660799,34.29045018112001,,,
2020-02-19 16:24:40.680000,A,252,-704,1024,,,,36.923214048000006,-46.66082523199999,38.266332831999996,240.81316436352003,-200.43725636479988,35.80503627904001,,,
2020-02-19 16:24:40.720000,A,424,-964,880,,,,37.089534832000005,-47.03896965599999,38.611526911999995,242.29009292544004,-202.30368937407988,37.33568959232001,,,
2020-02-19 16:24:40.760000,A,660,-480,760,,,,37.348430392000004,-47.227257335999994,38.90964907199999,243.77367431872003,-204.18524816031987,38.880150668800006,,,
2020-02-19 16:24:40.800000,A,336,-280,468,,,,37.480231768,-47.337091816,39.09322955999999,245.26761153440003,-206.07433845375988,40.436536631680006,,,
2020-02-19 16:24:40.840000,A,72,-336,532,,,,37.508474920000005,-47.468893191999996,39.30191507199999,246.76682080512003,-207.96782212639988,42.00026581408001,,,
2020-02-19 16:24:40.880000,A,144,-540,672,,,,37.56496122400001,-47.680716831999995,39.56551782399999,248.26715980192003,-209.86657785407988,43.57234241696001,,,
2020-02-19 16:24:40.920000,A,176,-648,592,,,,37.63400004000001,-47.934905199999996,39.79773929599999,249.76975825088002,-211.77380652735988,45.15496312992001,,,
2020-02-19 16:24:40.960000,A,56,-664,580,,,,37.65596693600001,-48.195369824,40.02525357599999,251.27511825248,-213.6912027353599,46.74687270176001,,,
2020-02-19 16:24:41,A,-28,-504,820,,,,37.644983488000015,-48.393071887999994,40.34691169599999,252.78135692992,-215.6190175283199,48.34788284480001,,,
2020-02-19 16:24:42,H,,,,103,,,,,,,,,,,
2020-02-19 16:24:42,M,,,,,,,,,,,,,223,-268,332
2020-02-19 16:24:41.040000,A,112,-376,1080,,,,37.68891728000001,-48.540563903999995,40.77055897599999,254.28715626944,-217.5547404038399,49.96175931264001,,,
2020-02-19 16:24:41.080000,A,96,-364,1180,,,,37.72657481600001,-48.683348728,41.233432855999986,255.79471296064,-219.4963629599999,51.59258167168001,,,
2020-02-19 16:24:41.120000,A,32,-388,1032,,,,37.73912732800001,-48.835547936,41.638251367999985,257.30377595328,-221.44369690911992,53.24191898592001,,,
2020-02-19 16:24:41.160000,A,36,-424,1060,,,,37.75324890400001,-49.00186872,42.05405332799999,258.8133410464,-223.39711882655993,54.90744904064001,,,
2020-02-19 16:24:41.200000,A,136,-468,1084,,,,37.80659708000001,-49.185449207999994,42.47926967199999,260.32347100256004,-225.35719357535993,56.58961117376001,,,
2020-02-19 16:24:41.240000,A,112,-524,1084,,,,37.85053087200001,-49.39099659199999,42.904486015999986,261.83573488576,-227.32461154367994,58.28878196064001,,,
2020-02-19 16:24:41.280000,A,84,-564,960,,,,37.88348121600001,-49.612234615999995,43.28106137599998,263.34975612064,-229.30025140735992,60.004961401280006,,,
2020-02-19 16:24:41.320000,A,392,-688,1032,,,,38.03724948800001,-49.88211362399999,43.68587988799998,264.86509536927997,-231.28474079199992,61.73620385632,,,
2020-02-19 16:24:41.360000,A,336,-848,1000,,,,38.169050864000006,-50.21475519199999,44.07814588799998,266.3865853488,-233.2800253369599,63.48363905184,,,
2020-02-19 16:24:41.400000,A,656,-476,940,,,,38.426377360000004,-50.40147380799999,44.44687592799998,267.91334738336,-235.2886155446399,65.24676488736,,,
2020-02-19 16:24:41.440000,A,432,-496,580,,,,38.59583627200001,-50.59603774399999,44.674390207999984,269.45040247776,-237.3046744969599,67.02463992448,,,
2020-02-19 16:24:41.480000,A,172,-392,408,,,,38.66330602400001,-50.749806015999994,44.834434735999984,270.99423592864,-239.3285160067199,68.8116155328,,,
2020-02-19 16:24:41.520000,A,152,-524,544,,,,38.72293045600001,-50.95535339999999,45.047827439999985,272.5407681696,-241.3585082473599,70.60499292224,,,
2020-02-19 16:24:41.560000,A,88,-504,660,,,,38.75744986400001,-51.15305546399999,45.306722999999984,274.08968538784,-243.3967223833599,72.40690601984,,,
2020-02-19 16:24:41.600000,A,108,-412,740,,,,38.79981459200001,-51.31466905599999,45.59699983999998,275.63998338240003,-245.4428446019199,74.21917493983999,,,
2020-02-19 16:24:41.640000,A,0,-416,1000,,,,38.79981459200001,-51.47785171199999,45.98926583999998,277.19197596608,-247.49543136415988,76.04305493343999,,,
2020-02-19 16:24:41.680000,A,52,-440,1028,,,,38.82021242400001,-51.65044875199999,46.39251528799998,278.74396854976,-249.55454543263988,77.88262556704,,,
2020-02-19 16:24:41.720000,A,4,-400,1056,,,,38.82178148800001,-51.807355151999985,46.80674818399998,280.29677704671997,-251.6205633827199,79.73832617855999,,,
2020-02-19 16:24:41.760000,A,-100,-372,1128,,,,38.782554888000014,-51.953278103999985,47.24922423199998,281.84964830623994,-253.69285758879988,81.61059610591998,,,
2020-02-19 16:24:41.800000,A,52,-384,1076,,,,38.802952720000015,-52.10390824799998,47.671302447999985,283.40095050175995,-255.77098871295988,83.50056507519999,,,
2020-02-19 16:24:41.840000,A,104,-576,1032,,,,38.843748384000016,-52.32985346399998,48.07612095999998,284.95306861055997,-257.8551450428799,85.40741717311998,,,
2020-02-19 16:24:41.880000,A,84,-456,976,,,,38.876698728000015,-52.50872675999998,48.45897257599999,286.50681854591994,-259.9483391814399,87.33046201151998,,,
2020-02-19 16:24:41.920000,A,124,-512,896,,,,38.92533971200002,-52.70956695199998,48.810442911999985,288.0618864950399,-262.0486882518399,89.26882091455998,,,
2020-02-19 16:24:41.960000,A,252,-696,984,,,,39.024190744000016,-52.98258408799998,49.196432655999985,289.6189000835199,-264.1570709299199,91.22123863103998,,,
2020-02-19 16:24:42,A,308,-1020,928,,,,39.14500867200002,-53.38269540799998,49.56045550399998,291.1798677132799,-266.27637429343986,93.18909593727999,,,
2020-02-19 16:24:43,H,,,,101,,,,,,,,,,,
2020-02-19 16:24:43,M,,,,,,,,,,,,,232,-235,279
2020-02-19 16:24:42.040000,A,664,-728,572,,,,39.40547329600002,-53.66826505599998,49.78483165599998,292.7456680601599,-268.41168210975985,95.17151415743999,,,
2020-02-19 16:24:42.080000,A,428,-648,568,,,,39.57336314400002,-53.92245342399998,50.00763874399998,294.3218869919999,-270.55841271199984,97.16290742367998,,,
2020-02-19 16:24:42.120000,A,172,-420,460,,,,39.64083289600002,-54.08720514399998,50.188081103999984,295.9048215177599,-272.71531084895986,99.16321297343998,,,
2020-02-19 16:24:42.160000,A,128,-408,488,,,,39.69104294400002,-54.24724967199998,50.37950691199998,297.4904548335999,-274.8787990547199,101.17073621759998,,,
2020-02-19 16:24:42.200000,A,148,-664,572,,,,39.749098312000015,-54.50771429599998,50.60388306399998,299.0780965513599,-277.04868904159986,103.18591649407998,,,
2020-02-19 16:24:42.240000,A,192,-956,596,,,,39.82441338400002,-54.882720591999984,50.83767359999998,300.6680604838399,-279.22899761343984,105.21007181663998,,,
2020-02-19 16:24:42.280000,A,48,-872,576,,,,39.843242152000016,-55.22477654399999,51.06361881599998,302.2610370191999,-281.42430643711987,107.24357876063998,,,
2020-02-19 16:24:42.320000,A,32,-716,780,,,,39.855794664000015,-55.50563899999999,51.36958629599998,303.85476670527987,-283.63329749887987,109.28612351327997,,,
2020-02-19 16:24:42.360000,A,120,-604,1112,,,,39.902866584000016,-55.742567663999985,51.80578608799998,305.44899849183986,-285.8535230588799,111.34090696511997,,,
2020-02-19 16:24:42.400000,A,28,-512,1120,,,,39.91385003200001,-55.943407855999986,52.245124007999976,307.0451131551999,-288.08322576543986,113.41313840863997,,,
2020-02-19 16:24:42.440000,A,104,-552,848,,,,39.954645696000014,-56.15993868799998,52.577765575999976,308.6416671564799,-290.3209620796799,115.50294336895996,,,
2020-02-19 16:24:42.480000,A,188,-672,988,,,,40.028391704000015,-56.42354143999998,52.96532438399998,310.2398529843199,-292.5673596271999,117.60605399199996,,,
2020-02-19 16:24:42.520000,A,168,-604,1016,,,,40.094292392000014,-56.66047010399998,53.363866639999976,311.8409886524799,-294.8243012847999,119.72466696735995,,,
2020-02-19 16:24:42.560000,A,160,-576,892,,,,40.15705495200002,-56.886415319999976,53.71376791199997,313.4447603481599,-297.0907200889599,121.85922163295994,,,
2020-02-19 16:24:42.600000,A,368,-872,888,,,,40.301408840000015,-57.22847127199998,54.062100119999975,315.0510425462399,-299.3661767017599,124.00777234943995,,,
2020-02-19 16:24:42.640000,A,312,-912,968,,,,40.42379583200002,-57.58621786399998,54.441813607999975,316.6630988998399,-301.65531555263993,126.17025635423994,,,
2020-02-19 16:24:42.680000,A,604,-720,840,,,,40.660724496000014,-57.86864938399998,54.77131704799998,318.2800507331199,-303.9587642671999,128.34792889855993,,,
2020-02-19 16:24:42.720000,A,664,-536,680,,,,40.921189120000015,-58.07890395999998,55.03805792799998,319.9064797129599,-306.2735102425599,130.53878158047993,,,
2020-02-19 16:24:42.760000,A,192,-612,456,,,,40.99650419200002,-58.31897075199998,55.21693122399998,321.5433272777599,-308.5966664009599,132.74030389759994,,,
2020-02-19 16:24:42.800000,A,80,-420,404,,,,41.027885472000015,-58.483722471999975,55.37540668799998,323.1831874454399,-310.92942523103994,134.94898114655993,,,
2020-02-19 16:24:42.840000,A,72,-416,528,,,,41.05612862400002,-58.64690512799997,55.58252313599998,324.8243028643199,-313.26877412991996,137.16399741407992,,,
2020-02-19 16:24:42.880000,A,24,-780,380,,,,41.06554300800002,-58.95287260799997,55.73158421599998,326.4665480092799,-315.61465033504,139.3872983395199,,,
2020-02-19 16:24:42.920000,A,48,-788,464,,,,41.08437177600002,-59.261978215999974,55.91359563999998,328.1091697295999,-317.97276523936,141.6165617081599,,,
2020-02-19 16:24:42.960000,A,76,-528,760,,,,41.11418399200002,-59.469094663999975,56.21171779999998,329.7525446006399,-320.343244368,143.8531055337599,,,
2020-02-19 16:24:43,A,184,-504,1024,,,,41.18636093600002,-59.66679672799997,56.61339818399998,331.39711196031993,-322.72200815456,146.1015742457599,,,
2020-02-19 16:24:44,H,,,,100,,,,,,,,,,,
2020-02-19 16:24:44,M,,,,,,,,,,,,,176,-277,365
2020-02-19 16:24:43.040000,A,72,-760,1056,,,,41.21460408800002,-59.96491888799997,57.027631079999985,333.0445663977599,-325.10868002368,148.3661101731199,,,
2020-02-19 16:24:43.080000,A,-4,-592,1004,,,,41.21303502400002,-60.19714035999997,57.421466143999986,334.69315056127994,-327.50727677919997,150.64721541631988,,,
2020-02-19 16:24:43.120000,A,84,-536,1040,,,,41.24598536800002,-60.40739493599997,57.82942278399999,336.34167196223996,-329.9151623936,152.9440740620799,,,
2020-02-19 16:24:43.160000,A,116,-752,972,,,,41.29148822400002,-60.70237896799997,58.21070533599999,337.99151137696,-332.33145819104,155.25725097343988,,,
2020-02-19 16:24:43.200000,A,208,-640,960,,,,41.37307955200002,-60.95342920799997,58.587280695999986,339.64317090592,-334.75955334976,157.58567918687987,,,
2020-02-19 16:24:43.240000,A,256,-608,900,,,,41.47349964800002,-61.191926935999966,58.94032009599999,341.29809408799997,-337.19769051808,159.92917041471986,,,
2020-02-19 16:24:43.280000,A,252,-640,972,,,,41.57235068000002,-61.442977175999964,59.32160264799999,342.95703407392,-339.64536759552,162.28678321855986,,,
2020-02-19 16:24:43.320000,A,408,-796,944,,,,41.73239520800002,-61.75522091199996,59.691901751999985,344.61992810112,-342.10308668256,164.65964732447986,,,
2020-02-19 16:24:43.360000,A,616,-676,824,,,,41.97403106400002,-62.02039272799996,60.01512893599998,346.28922390944,-344.57329551904,167.04732339455987,,,
2020-02-19 16:24:43.400000,A,692,-332,648,,,,42.24547913600002,-62.15062503999996,60.26931730399998,347.968185152,-347.05411122816,169.44792855199987,,,
2020-02-19 16:24:43.440000,A,176,-468,388,,,,42.314517952000024,-62.334205527999956,60.42151651199998,349.65800431744,-349.54013622976004,171.85870124415987,,,
2020-02-19 16:24:43.480000,A,52,-508,448,,,,42.334915784000025,-62.533476655999955,60.597251679999985,351.35058503552,-352.03350445088006,174.2755619046399,,,
2020-02-19 16:24:43.520000,A,104,-568,524,,,,42.375711448000025,-62.75628374399996,60.802799063999984,353.04398166688,-354.53484351712007,176.6994519718399,,,
2020-02-19 16:24:43.560000,A,216,-568,592,,,,42.46044090400002,-62.97909083199996,61.03502053599998,354.73901012479996,-357.04509486688005,179.13156393439988,,,
2020-02-19 16:24:43.600000,A,136,-604,696,,,,42.51378908000002,-63.21601949599996,61.30803767199998,356.43742776095996,-359.56425850016007,181.57296475583988,,,
2020-02-19 16:24:43.640000,A,128,-624,920,,,,42.56399912800002,-63.46079347999996,61.668922391999985,358.13797932415997,-362.09289928000004,184.02528626271987,,,
2020-02-19 16:24:43.680000,A,188,-548,1148,,,,42.63774513600002,-63.67575524799996,62.11924375999998,359.84053928927995,-364.63133101920005,186.49204315839987,,,
2020-02-19 16:24:43.720000,A,28,-548,1060,,,,42.64872858400002,-63.89071701599996,62.535045719999985,361.54604909471993,-367.17836122912007,188.97681290879987,,,
2020-02-19 16:24:43.760000,A,164,-596,904,,,,42.713060208000016,-64.12450755199995,62.88965418399999,363.2519982380799,-369.73398990976006,191.47821473759987,,,
2020-02-19 16:24:43.800000,A,356,-688,980,,,,42.852706904000016,-64.39438655999996,63.274074863999985,364.9605206463999,-372.29897021184007,193.99380090495987,,,
2020-02-19 16:24:43.840000,A,252,-528,1028,,,,42.951557936000015,-64.60150300799995,63.67732431199998,366.6746289225599,-374.87474567424005,196.52476389951988,,,
2020-02-19 16:24:43.880000,A,220,-512,956,,,,43.037856456000014,-64.80234319999995,64.05233060799998,368.3926912399999,-377.45880579456,199.07185687199987,,,
2020-02-19 16:24:43.920000,A,204,-600,896,,,,43.117878720000014,-65.03770279999995,64.40380094399998,370.1142054982399,-380.05089952256003,201.63395009631986,,,
2020-02-19 16:24:43.960000,A,272,-604,1024,,,,43.224575072000015,-65.27463146399995,64.80548132799998,371.8389206470399,-382.65240763456,204.21010213407988,,,
2020-02-19 16:24:44,A,620,-488,1000,,,,43.46777999200001,-65.46605727199996,65.19774732799999,373.5679036499199,-385.26339289312,206.80232138719987,,,
2020-02-19 16:24:45,H,,,,101,,,,,,,,,,,
2020-02-19 16:24:45,M,,,,,,,,,,,,,346,-250,239
2020-02-19 16:24:44.040000,A,836,-436,996,,,,43.79571436800001,-65.63708524799996,65.58844426399999,375.3066148495999,-387.882035184,209.41023128031986,,,
2020-02-19 16:24:44.080000,A,468,-680,740,,,,43.97929485600001,-65.90382612799996,65.878721104,377.0584434243199,-390.50751859392,212.03376905087987,,,
2020-02-19 16:24:44.120000,A,228,-620,452,,,,44.06873150400001,-66.14703104799996,66.05602533599999,378.81761521855987,-393.14367163904,214.66891789503987,,,
2020-02-19 16:24:44.160000,A,180,-380,604,,,,44.13933938400001,-66.29609212799996,66.292954,380.58036447871984,-395.78955288096,217.31115890847985,,,
2020-02-19 16:24:44.200000,A,188,-460,616,,,,44.21308539200001,-66.47653448799996,66.534589856,382.34593805407985,-398.44139656608,219.96287706847986,,,
2020-02-19 16:24:44.240000,A,200,-664,628,,,,44.29153859200001,-66.73699911199995,66.780932904,384.1144614697599,-401.1004579456,222.62426066271985,,,
2020-02-19 16:24:44.280000,A,200,-680,812,,,,44.36999179200001,-67.00373999199995,67.099452896,385.8861230134399,-403.76993791008,225.29549797887984,,,
2020-02-19 16:24:44.320000,A,108,-576,936,,,,44.41235652000001,-67.22968520799995,67.466613872,387.6609226851199,-406.45008750976,227.97947609471984,,,
2020-02-19 16:24:44.360000,A,152,-600,1012,,,,44.47198095200001,-67.46504480799994,67.863587064,389.4374169459199,-409.13927491808,230.67814064959984,,,
2020-02-19 16:24:44.400000,A,108,-524,916,,,,44.51434568000001,-67.67059219199994,68.22290272000001,391.2162961839999,-411.8378767104,233.39268413215984,,,
2020-02-19 16:24:44.440000,A,84,-376,944,,,,44.54729602400001,-67.81808420799995,68.593201824,392.99687001119986,-414.54470039808,236.12160024095985,,,
2020-02-19 16:24:44.480000,A,256,-656,972,,,,44.64771612000001,-68.07541070399995,68.974484376,394.77876185215985,-417.2574237664,238.86532831391986,,,
2020-02-19 16:24:44.520000,A,260,-736,852,,,,44.749705280000015,-68.36411847999995,69.308695008,396.5646704969598,-419.98044019456,241.62430768895987,,,
2020-02-19 16:24:44.560000,A,108,-628,868,,,,44.79207000800002,-68.61046152799995,69.649181896,398.35465870815983,-422.71500493376,244.39665548927988,,,
2020-02-19 16:24:44.600000,A,280,-712,944,,,,44.90190448800002,-68.88975491999994,70.019481,400.14634150847985,-425.45942339488,247.18262276511987,,,
2020-02-19 16:24:44.640000,A,444,-864,904,,,,45.07607059200002,-69.22867274399995,70.374089464,401.94241768799986,-428.21501359167996,249.98340200511987,,,
2020-02-19 16:24:44.680000,A,792,-440,604,,,,45.38674526400002,-69.40126978399995,70.611018128,403.7454605116799,-430.98416050144,252.79836558367987,,,
2020-02-19 16:24:44.720000,A,264,-628,440,,,,45.490303488000016,-69.64761283199995,70.783615168,405.56093032223987,-433.76021129279997,255.62280630879988,,,
2020-02-19 16:24:44.760000,A,128,-404,416,,,,45.54051353600001,-69.80608829599996,70.946797824,407.3805424617599,-436.54611580607997,258.4541509155199,,,
2020-02-19 16:24:44.800000,A,164,-488,544,,,,45.60484516000001,-69.99751410399996,71.160190528,409.20216300319987,-439.33835933791994,261.2920228284799,,,
2020-02-19 16:24:44.840000,A,120,-640,552,,,,45.65191708000001,-70.24856434399996,71.37672136,411.02635680959986,-442.13825990207994,264.1384304495999,,,
2020-02-19 16:24:44.880000,A,76,-636,620,,,,45.681729296000015,-70.49804551999996,71.61992628,412.8524334927999,-444.94820247583993,266.9934993039999,,,
2020-02-19 16:24:44.920000,A,68,-724,640,,,,45.708403384000015,-70.78204610399996,71.87097652,414.6797026646399,-447.76812429663994,269.8582963551999,,,
2020-02-19 16:24:44.960000,A,208,-572,908,,,,45.789994712000016,-71.00642225599996,72.227154048,416.5080387999999,-450.59940614079994,272.7331354159999,,,
2020-02-19 16:24:45,A,64,-456,1100,,,,45.815099736000015,-71.18529555199997,72.658646648,418.3396385884799,-453.4396630310399,275.6222215779199,,,
2020-02-19 16:24:46,H,,,,101,,,,,,,,,,,
2020-02-19 16:24:46,M,,,,,,,,,,,,,282,-303,287
2020-02-19 16:24:45.040000,A,64,-604,940,,,,45.84020476000001,-71.42222421599998,73.027376688,420.17224257791986,-456.2870748531199,278.5285674438399,,,
2020-02-19 16:24:45.080000,A,160,-664,920,,,,45.902967320000016,-71.68268883999997,73.388261408,422.0058507683199,-459.14396382175994,281.4496625113599,,,
2020-02-19 16:24:45.120000,A,100,-688,984,,,,45.942193920000015,-71.95256784799997,73.774251152,423.8419694611199,-462.0112713753599,284.3851929676799,,,
2020-02-19 16:24:45.160000,A,184,-608,944,,,,46.014370864000014,-72.19106557599997,74.144550256,425.6796572179199,-464.8893740892799,287.3361630137599,,,
2020-02-19 16:24:45.200000,A,120,-588,920,,,,46.061442784000015,-72.42171798399997,74.505434976,427.5202320524799,-467.7770167123199,290.3019450239999,,,
2020-02-19 16:24:45.240000,A,260,-688,1028,,,,46.16343194400002,-72.69159699199997,74.908684424,429.3626897638399,-470.6738854316799,293.2821624230399,,,
2020-02-19 16:24:45.280000,A,440,-816,1080,,,,46.336028984000016,-73.01168604799997,75.332331704,431.2092270415999,-473.5815493113599,296.2785097999999,,,
2020-02-19 16:24:45.320000,A,700,-440,748,,,,46.61061518400002,-73.18428308799997,75.62574667199999,433.0626682009599,-476.50201675327986,299.2918030681599,,,
2020-02-19 16:24:45.360000,A,448,-404,520,,,,46.78635035200002,-73.34275855199998,75.829724992,434.92709280831986,-479.42938807679985,302.3168329350399,,,
2020-02-19 16:24:45.400000,A,24,-340,488,,,,46.795764736000024,-73.47612899199997,76.0211508,436.7985468223998,-482.3630984188799,305.3500219347199,,,
2020-02-19 16:24:45.440000,A,184,-508,648,,,,46.86794168000002,-73.67540011999998,76.275339168,438.6703774118398,-485.3021435785599,308.3908679667199,,,
2020-02-19 16:24:45.480000,A,176,-680,608,,,,46.936980496000025,-73.94214099999998,76.513836896,440.5450950790398,-488.24915958335987,311.44188153343987,,,
2020-02-19 16:24:45.520000,A,184,-660,508,,,,47.009157440000024,-74.20103655999998,76.71310802400001,442.4225742988798,-491.2068452233599,314.50243500927985,,,
2020-02-19 16:24:45.560000,A,124,-636,736,,,,47.057798424000026,-74.45051773599998,77.0018158,444.3029405964798,-494.1748866857599,317.5709593302399,,,
2020-02-19 16:24:45.600000,A,236,-520,1076,,,,47.150373200000026,-74.65449605599999,77.423894016,446.1852525334398,-497.15290739519986,320.65103196223987,,,
2020-02-19 16:24:45.640000,A,32,-540,1316,,,,47.162925712000025,-74.86631969599999,77.94011607200001,448.0712674614398,-500.13908723743987,323.7479877228799,,,
2020-02-19 16:24:45.680000,A,-152,-492,1012,,,,47.103301280000025,-75.05931456799999,78.33708926400001,449.9577844899198,-503.13374002527985,326.8655923657599,,,
2020-02-19 16:24:45.720000,A,24,-384,812,,,,47.11271566400003,-75.209944712,78.65560925600002,451.8419165411198,-506.13611260799985,329.99907593631985,,,
2020-02-19 16:24:45.760000,A,76,-364,1068,,,,47.14252788000003,-75.352729536,79.07454934400002,453.7264251676798,-509.14451039647986,333.1453003065599,,,
2020-02-19 16:24:45.800000,A,112,-248,1132,,,,47.18646167200003,-75.450011504,79.51859445600002,455.6121262828798,-512.1586195779198,336.3082822803199,,,
2020-02-19 16:24:45.840000,A,84,-388,988,,,,47.21941201600003,-75.602210712,79.90615326400001,457.4995847497598,-515.1766200380798,339.4890260585599,,,
2020-02-19 16:24:45.880000,A,104,-660,1084,,,,47.26020768000003,-75.861106272,80.33136960800002,459.38836123039977,-518.2007084665598,342.68527218911987,,,
2020-02-19 16:24:45.920000,A,252,-396,1292,,,,47.35905871200003,-76.016443608,80.83817728000001,461.27876953759977,-521.2351527174399,345.89852697343986,,,
2020-02-19 16:24:45.960000,A,480,-392,980,,,,47.54734639200003,-76.17021188,81.22259796000002,463.1731318860798,-524.2758104617599,349.1320540646399,,,
2020-02-19 16:24:46,A,660,-400,732,,,,47.80624195200003,-76.32711828,81.50973667200002,465.07502574175976,-527.3226189369599,352.3809579830399,,,
2020-02-19 16:24:47,H,,,,102,,,,,,,,,,,
2020-02-19 16:24:47,M,,,,,,,,,,,,,284,-270,235
2020-02-19 16:24:46.040000,A,496,-508,516,,,,48.00080588800003,-76.526389408,81.71214592800001,466.98727541983976,-530.3757036681599,355.64134744991986,,,
2020-02-19 16:24:46.080000,A,-24,-476,580,,,,47.99139150400003,-76.713108024,81.939660208,468.9073076553598,-533.4367592444798,358.9098332870399,,,
2020-02-19 16:24:46.120000,A,36,-476,632,,,,48.00551308000003,-76.89982663999999,82.18757232,470.8269633155198,-536.5052835654399,362.1874196953599,,,
2020-02-19 16:24:46.160000,A,272,-524,720,,,,48.11220943200003,-77.10537402399999,82.47000384,472.74718383871976,-539.5812766310398,365.47492258815987,,,
2020-02-19 16:24:46.200000,A,116,-580,704,,,,48.15771228800003,-77.33288830399998,82.746159104,474.67167221599976,-542.6654915919999,368.77372274175985,,,
2020-02-19 16:24:46.240000,A,76,-548,720,,,,48.18752450400003,-77.54785007199997,83.028590624,476.59798070751975,-545.7588071241598,372.0835691059199,,,
2020-02-19 16:24:46.280000,A,236,-564,912,,,,48.28009928000003,-77.76908809599998,83.386337216,478.52548168767976,-548.8607211270398,375.40471273087985,,,
2020-02-19 16:24:46.320000,A,152,-376,1156,,,,48.33972371200003,-77.91658011199998,83.839796712,480.45668565887974,-551.9714846508798,378.74016621951984,,,
2020-02-19 16:24:46.360000,A,4,-388,1148,,,,48.34129277600003,-78.06877931999998,84.29011808,482.39027460735974,-555.0881478553598,382.09375808799984,,,
2020-02-19 16:24:46.400000,A,188,-668,952,,,,48.41503878400003,-78.33081300799998,84.663555312,484.32392631839974,-558.2108990281598,385.46536281119984,,,
2020-02-19 16:24:46.440000,A,280,-676,992,,,,48.524873264000036,-78.59598482399998,85.052683184,486.26052786975976,-561.3441315484798,388.8519050236798,,,
2020-02-19 16:24:46.480000,A,184,-484,948,,,,48.597050208000034,-78.78584156799998,85.42455135200001,488.20152280031976,-564.4879709414398,392.2540123510398,,,
2020-02-19 16:24:46.520000,A,192,-488,856,,,,48.67236528000004,-78.97726737599999,85.76033104800001,490.14540480863974,-567.6394046041598,395.6709944051198,,,
2020-02-19 16:24:46.560000,A,300,-688,1004,,,,48.790045080000034,-79.24714638399999,86.15416611200001,492.0922994198397,-570.7984952991999,399.1014076470398,,,
2020-02-19 16:24:46.600000,A,440,-648,1004,,,,48.962642120000034,-79.50133475199999,86.54800117600001,494.0439012230397,-573.9683811545599,402.5475742915198,,,
2020-02-19 16:24:46.640000,A,628,-576,844,,,,49.208985168000034,-79.72727996799999,86.87907368000002,496.0024069078397,-577.1484345446399,406.0094943385598,,,
2020-02-19 16:24:46.680000,A,712,-476,596,,,,49.48827856000003,-79.91399858399998,87.11286421600002,497.97076631455974,-580.33752574336,409.4846572857598,,,
2020-02-19 16:24:46.720000,A,256,-308,496,,,,49.588698656000034,-80.03481651199998,87.30742815200001,499.95029745695973,-583.5340856867199,412.9691718543998,,,
2020-02-19 16:24:46.760000,A,208,-360,656,,,,49.670289984000036,-80.17603227199997,87.56475464800002,501.9338454031997,-586.7354783471999,416.4614689804798,,,
2020-02-19 16:24:46.800000,A,340,-676,632,,,,49.803660424000036,-80.44120408799998,87.81266676000001,503.9206570025597,-589.9425196380798,419.9640591663998,,,
2020-02-19 16:24:46.840000,A,136,-648,608,,,,49.857008600000036,-80.69539245599998,88.05116448800001,505.9128034195197,-593.1601678015999,423.4765658367998,,,
2020-02-19 16:24:46.880000,A,212,-564,716,,,,49.94016899200004,-80.91663047999998,88.332026944,507.9070837635197,-596.3879834998398,426.9986124163198,,,
2020-02-19 16:24:46.920000,A,284,-688,828,,,,50.05157253600004,-81.18650948799998,88.656823192,509.90469052319975,-599.6246487190398,430.53189349407984,,,
2020-02-19 16:24:46.960000,A,352,-616,1052,,,,50.189650168000036,-81.42814534399999,89.06948702400001,511.90675342463976,-602.8721090985598,434.0781664217598,,,
2020-02-19 16:24:47,A,192,-544,1084,,,,50.26496524000004,-81.64153804799999,89.49470336800002,513.9143394313597,-606.1292349123198,437.6409459027198,,,
2020-02-19 16:24:48,H,,,,102,,,,,,,,,,,
2020-02-19 16:24:48,M,,,,,,,,,,,,,276,-258,272
2020-02-19 16:24:47.040000,A,92,-488,988,,,,50.30105371200004,-81.83296385599999,89.88226217600001,515.9249380409598,-609.3948964342399,441.2207340374398,,,
2020-02-19 16:24:47.080000,A,232,-564,976,,,,50.39205942400004,-82.05420188,90.26511379200001,517.9369801894397,-612.6682149884798,444.8160245244798,,,
2020-02-19 16:24:47.120000,A,352,-632,1028,,,,50.53013705600004,-82.30211399199999,90.66836324,519.9526625663998,-615.9503830636799,448.4266290761598,,,
2020-02-19 16:24:47.160000,A,308,-536,964,,,,50.65095498400004,-82.51236856799999,91.046507664,521.9738680486398,-619.2424676233599,452.05336360575984,,,
2020-02-19 16:24:47.200000,A,272,-500,856,,,,50.75765133600004,-82.70850156799999,91.38228736,523.9999062479998,-622.5429623660799,455.6952239123198,,,
2020-02-19 16:24:47.240000,A,352,-460,932,,,,50.895728968000036,-82.88894392799999,91.747879272,526.0302123014397,-625.8513024288,459.3505154067198,,,
2020-02-19 16:24:47.280000,A,520,-520,1020,,,,51.09970728800003,-83.092922248,92.147990592,528.0660414601598,-629.16686018592,463.0204305775998,,,
2020-02-19 16:24:47.320000,A,584,-556,824,,,,51.328790632000036,-83.31102214399999,92.471217776,530.1100297516798,-632.49057707584,466.7063502012798,,,
2020-02-19 16:24:47.360000,A,528,-356,744,,,,51.53590708000004,-83.45066883999999,92.76306368,532.1631813769598,-635.8230179615999,470.4051989123198,,,
2020-02-19 16:24:47.400000,A,340,-428,668,,,,51.66927752000004,-83.618558688,93.025097368,534.2246176601598,-639.1610447152,474.1157214595198,,,
2020-02-19 16:24:47.440000,A,280,-444,612,,,,51.77911200000004,-83.79272479199999,93.26516416,536.2913887609598,-642.50578706272,477.83672535423983,,,
2020-02-19 16:24:47.480000,A,128,-276,764,,,,51.82932204800004,-83.90099020799998,93.564855384,538.3625532409598,-645.8574960543999,481.56733192063984,,,
2020-02-19 16:24:47.520000,A,148,-412,716,,,,51.887377416000035,-84.06260379999998,93.84571783999999,540.4357261228797,-649.2135356627199,485.30992613599983,,,
2020-02-19 16:24:47.560000,A,276,-580,756,,,,51.99564283200004,-84.29011807999997,94.14227093599999,542.5112212195197,-652.5760398147199,489.06375484959983,,,
2020-02-19 16:24:47.600000,A,296,-488,776,,,,52.11175356800004,-84.48154388799998,94.44666935199999,544.5910469327997,-655.9476445379199,492.8294456870398,,,
2020-02-19 16:24:47.640000,A,436,-468,840,,,,52.28278154400004,-84.66512437599998,94.77617279199998,546.6755170755197,-659.32690629344,496.6073124611198,,,
2020-02-19 16:24:47.680000,A,388,-420,924,,,,52.43498075200004,-84.82987609599998,95.13862657599998,548.7668283372797,-662.7135112684799,500.3983593727998,,,
2020-02-19 16:24:47.720000,A,280,-456,932,,,,52.54481523200004,-85.00874939199998,95.50421848799998,550.8642275673596,-666.10670631232,504.2039044358398,,,
2020-02-19 16:24:47.760000,A,160,-620,960,,,,52.60757779200004,-85.25195431199998,95.88079384799998,552.9660201766396,-669.507056288,508.0240731753598,,,
2020-02-19 16:24:47.800000,A,180,-672,940,,,,52.67818567200004,-85.51555706399998,96.24952388799998,555.0703232883196,-672.9171344604799,511.8593049292798,,,
2020-02-19 16:24:47.840000,A,304,-728,916,,,,52.79743453600004,-85.80112671199998,96.60883954399999,557.1774507151996,-676.3377567430399,515.7092858847998,,,
2020-02-19 16:24:47.880000,A,256,-672,932,,,,52.89785463200004,-86.06472946399998,96.97443145599999,559.2893480966396,-679.7698018115199,519.5736394665598,,,
2020-02-19 16:24:47.920000,A,472,-612,752,,,,53.08300418400004,-86.30479625599997,97.26941548799999,561.4052622819196,-683.2123909900798,523.4526167247998,,,
2020-02-19 16:24:47.960000,A,460,-760,616,,,,53.26344654400004,-86.60291841599998,97.511051344,563.5285824492796,-686.6645828403198,527.3433933443198,,,
2020-02-19 16:24:48,A,400,-708,664,,,,53.42035294400004,-86.88064274399999,97.77151596799999,565.6591203110396,-690.1286995769598,531.2438353980798,,,
2020-02-19 16:24:49,H,,,,102,,,,,,,,,,,
2020-02-19 16:24:49,M,,,,,,,,,,,,,375,-287,110
2020-02-19 16:24:48.040000,A,660,-804,548,,,,53.679248504000036,-87.19602460799999,97.98647773599998,567.7959344287996,-693.6039252867198,535.1546960367998,,,
2020-02-19 16:24:48.080000,A,644,-828,588,,,,53.931867808000035,-87.52082085599999,98.21713014399998,569.9431043689596,-697.0917662710398,539.0741551462398,,,
2020-02-19 16:24:48.120000,A,676,-700,488,,,,54.197039624000034,-87.79540705599999,98.40855595199999,572.1003790812796,-700.5925991052798,543.0028403519998,,,
2020-02-19 16:24:48.160000,A,632,-720,356,,,,54.444951736000036,-88.07783857599999,98.54820264799999,574.2682606662396,-704.1044153875198,546.9391825900798,,,
2020-02-19 16:24:48.200000,A,460,-716,328,,,,54.625394096000036,-88.35870103199998,98.67686589599998,576.4460587356796,-707.6275289305598,550.8811106959998,,,
2020-02-19 16:24:48.240000,A,348,-664,380,,,,54.76190266400003,-88.61916565599998,98.82592697599998,578.6310744995196,-711.1618769718399,554.8281853318398,,,
2020-02-19 16:24:48.280000,A,436,-712,356,,,,54.93293064000003,-88.89845904799998,98.96557367199998,580.8215506060797,-714.7066435980798,558.7812224108798,,,
2020-02-19 16:24:48.320000,A,460,-740,392,,,,55.11337300000003,-89.18873588799998,99.11934194399997,583.0188678316797,-718.2625819599998,562.7398453577598,,,
2020-02-19 16:24:48.360000,A,496,-728,392,,,,55.30793693600003,-89.47430553599999,99.27311021599996,585.2234027516797,-721.8301313955199,566.7046190355198,,,
2020-02-19 16:24:48.400000,A,516,-748,396,,,,55.510346192000036,-89.76772050399998,99.42844755199997,587.4357202291197,-725.4091036169599,570.6755434441599,,,
2020-02-19 16:24:48.440000,A,560,-824,312,,,,55.730015152000036,-90.09094768799999,99.55083454399997,589.6561340767997,-728.9998124371199,574.6526813462399,,,
2020-02-19 16:24:48.480000,A,556,-1016,392,,,,55.948115048000034,-90.48948994399998,99.70460281599996,591.8853346828797,-732.6034503446399,578.6347147279998,,,
2020-02-19 16:24:48.520000,A,624,-896,560,,,,56.19288903200003,-90.84096027999999,99.92427177599997,594.1232592847997,-736.2230299423999,582.6228988406398,,,
2020-02-19 16:24:48.560000,A,668,-656,440,,,,56.454922720000035,-91.098286776,100.09686881599997,596.3709748460797,-739.8566683535998,586.6198697116798,,,
2020-02-19 16:24:48.600000,A,616,-568,288,,,,56.69655857600004,-91.32109386399999,100.20984142399998,598.6291717548796,-743.5005998246398,590.6237444643198,,,
2020-02-19 16:24:48.640000,A,672,-660,156,,,,56.960161328000034,-91.57998942399999,100.27103491999998,600.8970340979196,-747.1534435791998,594.6321381212798,,,
2020-02-19 16:24:48.680000,A,696,-776,48,,,,57.233178464000034,-91.88438783999999,100.28986368799998,603.1754405510396,-750.8166431561598,598.6429795180798,,,
2020-02-19 16:24:48.720000,A,768,-688,-72,,,,57.534438752000035,-92.15426684799999,100.26162053599998,605.4647676895996,-754.4920186697598,602.6545740655997,,,
2020-02-19 16:24:48.760000,A,820,-732,-184,,,,57.85609687200004,-92.44140555999999,100.18944359199998,607.7661452396796,-758.1781893436797,606.6650388870397,,,
2020-02-19 16:24:48.800000,A,832,-712,-228,,,,58.18246218400004,-92.72069895199999,100.10000694399997,610.0803891145597,-761.8758455660798,610.6726166307197,,,
2020-02-19 16:24:48.840000,A,920,-712,-244,,,,58.54334690400004,-92.99999234399999,100.00429403999998,612.4076876019197,-765.5846735241597,614.6766169084798,,,
2020-02-19 16:24:48.880000,A,924,-716,-216,,,,58.90580068800004,-93.28085479999999,99.91956458399997,614.7494214780797,-769.3046732179197,618.6767886700798,,,
2020-02-19 16:24:48.920000,A,928,-552,-204,,,,59.26982353600004,-93.49738563199999,99.83954231999998,617.1056535055998,-773.0359074099197,622.6735712534397,,,
2020-02-19 16:24:48.960000,A,948,-500,-276,,,,59.64169170400004,-93.69351863199999,99.73127690399998,619.4764464470397,-776.7758028351997,626.6671529462398,,,
2020-02-19 16:24:49,A,912,-356,-240,,,,59.99943829600004,-93.83316532799999,99.63713306399998,621.8621141151997,-780.5235435804797,630.6564040223998,,,
2020-02-19 16:24:50,H,,,,101,,,,,,,,,,,
2020-02-19 16:24:50,M,,,,,,,,,,,,,475,55,-119
2020-02-19 16:24:49.040000,A,956,-272,-220,,,,60.37444459200004,-93.93986167999999,99.55083454399998,624.2620916470397,-784.2768701935996,634.6418893449597,,,
2020-02-19 16:24:49.080000,A,956,-296,-164,,,,60.74945088800004,-94.05597241599999,99.48650291999998,626.6770694307197,-788.0344646607996,638.6239227267197,,,
2020-02-19 16:24:49.120000,A,976,-256,-144,,,,61.132302504000045,-94.15639251199998,99.43001661599997,629.1070474662397,-791.7967035574396,642.6033828435197,,,
2020-02-19 16:24:49.160000,A,948,-312,-204,,,,61.50417067200004,-94.27877950399998,99.34999435199998,631.5523395663997,-795.5629592579196,646.5805835081597,,,
2020-02-19 16:24:49.200000,A,960,-268,-140,,,,61.88074603200004,-94.38390679199999,99.29507711199999,634.0125063932798,-799.3341104380796,650.5545832822397,,,
2020-02-19 16:24:49.240000,A,1056,-232,-136,,,,62.29497892800004,-94.47491250399999,99.24172893599999,636.4877362345597,-803.1094667097597,654.5263863667197,,,
2020-02-19 16:24:49.280000,A,952,-184,-132,,,,62.66841616000004,-94.547089448,99.18994982399998,638.9795353916797,-806.8884632099197,658.4960555241597,,,
2020-02-19 16:24:49.320000,A,1016,-128,-220,,,,63.06695841600004,-94.59729949599999,99.10365130399998,641.4862720380797,-810.6703467878397,662.4636535171197,,,
2020-02-19 16:24:49.360000,A,1004,-72,-152,,,,63.46079348000004,-94.62554264799999,99.04402687199998,644.0089503747197,-814.4542387676796,666.4277995692797,,,
2020-02-19 16:24:49.400000,A,1000,48,-96,,,,63.85305948000004,-94.60671387999999,99.00636933599998,646.5473821139196,-818.2392604735996,670.3895606441597,,,
2020-02-19 16:24:49.440000,A,1016,64,-136,,,,64.25160173600004,-94.58160885599999,98.95302115999998,649.1015044931196,-822.0235290287997,674.3498154175998,,,
2020-02-19 16:24:49.480000,A,960,156,-176,,,,64.62817709600004,-94.52041535999999,98.88398234399997,651.6715685625596,-825.8067933830397,678.3079362639997,,,
2020-02-19 16:24:49.520000,A,968,176,-208,,,,65.00789058400004,-94.45137654399998,98.80239101599997,654.2566956463996,-829.5876099974397,682.2632955577598,,,
2020-02-19 16:24:49.560000,A,952,224,-248,,,,65.38132781600004,-94.36350895999999,98.70510904799997,656.8570112697596,-833.3656650591997,686.2153911983997,,,
2020-02-19 16:24:49.600000,A,952,284,-264,,,,65.75476504800004,-94.25210541599999,98.60155082399997,659.4722643823995,-837.1402054175998,690.1635955603198,,,
2020-02-19 16:24:49.640000,A,908,328,-268,,,,66.11094257600004,-94.123442168,98.49642353599997,662.1024549843196,-840.9102896342398,694.1076575932798,,,
2020-02-19 16:24:49.680000,A,888,348,-272,,,,66.45927478400004,-93.9869336,98.38972718399997,664.7468926873596,-844.6752273209598,698.0475145347198,,,
2020-02-19 16:24:49.720000,A,864,436,-276,,,,66.79819260800005,-93.815905624,98.28146176799997,667.4052636787196,-848.4347046649598,701.9831036220797,,,
2020-02-19 16:24:49.760000,A,860,420,-312,,,,67.13554136800005,-93.651153904,98.15907477599997,670.0771913830396,-852.1873408899198,705.9143620927997,,,
2020-02-19 16:24:49.800000,A,848,508,-340,,,,67.46818293600005,-93.45188277599999,98.02570433599998,672.7626130377596,-855.9333870460798,709.8407250838397,,,
2020-02-19 16:24:49.840000,A,780,512,-352,,,,67.77415041600005,-93.25104258399999,97.88762670399997,675.4613403551996,-859.6714623571198,713.7617532572798,,,
2020-02-19 16:24:49.880000,A,748,596,-360,,,,68.06756538400005,-93.01725204799999,97.74641094399998,678.1723063718396,-863.4015040604799,717.6772583254398,,,
2020-02-19 16:24:49.920000,A,692,684,-352,,,,68.33901345600005,-92.748942104,97.60833331199997,680.8950089871996,-867.1221941423998,721.5871147631998,,,
2020-02-19 16:24:49.960000,A,656,744,-300,,,,68.59633995200005,-92.4570962,97.49065351199997,683.6285695254396,-870.8321518265599,725.4914480956797,,,
2020-02-19 16:24:50,A,576,784,-304,,,,68.82228516800005,-92.149559656,97.37140464799997,686.3724231235196,-874.5304356745598,729.3910742361597,,,
2020-02-19 16:24:51,H,,,,100,,,,,,,,,,,
2020-02-19 16:24:51,M,,,,,,,,,,,,,100,493,-83
2020-02-19 16:24:50.040000,A,532,772,-312,,,,69.03097068000005,-91.84673030399999,97.24901765599996,689.1253145302396,-878.2164180607998,733.2859304220798,,,
2020-02-19 16:24:50.080000,A,456,776,-304,,,,69.20984397600006,-91.54233188799999,97.12976879199996,691.8865533574397,-881.8902872729598,737.1758911283198,,,
2020-02-19 16:24:50.120000,A,388,820,-284,,,,69.36204318400006,-91.220673768,97.01836524799997,694.6549471164797,-885.5519805484797,741.0610818799997,,,
2020-02-19 16:24:50.160000,A,348,864,-284,,,,69.49855175200005,-90.88175594399999,96.90696170399997,697.4294288438397,-889.2008074991998,744.9418164899197,,,
2020-02-19 16:24:50.200000,A,284,872,-292,,,,69.60995529600005,-90.539699992,96.79242003199997,700.2093709139197,-892.8360777369597,748.8180949580797,,,
2020-02-19 16:24:50.240000,A,252,868,-288,,,,69.70880632800005,-90.199213104,96.67944742399996,702.9937691257596,-896.4576657366397,752.6897917593597,,,
2020-02-19 16:24:50.280000,A,192,916,-268,,,,69.78412140000005,-89.83989744799999,96.57432013599995,705.7821213788797,-900.0656342607997,756.5569696563197,,,
2020-02-19 16:24:50.320000,A,184,924,-276,,,,69.85629834400005,-89.47744366399999,96.46605471999996,708.5734862348796,-903.6592301587197,760.4199424617597,,,
2020-02-19 16:24:50.360000,A,172,940,-276,,,,69.92376809600005,-89.10871362399999,96.35778930399997,711.3677381686397,-907.2383279052797,764.2785846505597,,,
2020-02-19 16:24:50.400000,A,136,928,-296,,,,69.97711627200005,-88.74469077599998,96.24167856799997,714.1646888924797,-910.8026764502397,768.1328962227196,,,
2020-02-19 16:24:50.440000,A,112,924,-320,,,,70.02105006400005,-88.38223699199999,96.11615344799996,716.9637735433597,-914.3524640812797,771.9825633654397,,,
2020-02-19 16:24:50.480000,A,96,948,-332,,,,70.05870760000005,-88.01036882399998,95.98592113599996,719.7646155459197,-917.8877535609597,775.8272095033597,,,
2020-02-19 16:24:50.520000,A,28,944,-328,,,,70.06969104800005,-87.64006971999999,95.85725788799996,722.5669638499197,-921.4081683139198,779.6666463487996,,,
2020-02-19 16:24:50.560000,A,24,960,-324,,,,70.07910543200005,-87.26349435999998,95.73016370399996,725.3697514918397,-924.9137711027198,783.5009366643196,,,
2020-02-19 16:24:50.600000,A,20,936,-388,,,,70.08695075200005,-86.89633338399999,95.57796449599996,728.1729157091197,-928.4043108771198,787.3301432124796,,,
2020-02-19 16:24:50.640000,A,12,968,-376,,,,70.09165794400005,-86.516619896,95.43047247999996,730.9763937391997,-931.8801642124797,791.1532617923195,,,
2020-02-19 16:24:50.680000,A,28,952,-392,,,,70.10264139200005,-86.143182664,95.27670420799997,733.7800600569597,-935.3408290083197,794.9704806915196,,,
2020-02-19 16:24:50.720000,A,-4,892,-432,,,,70.10107232800006,-85.793281392,95.10724529599997,736.5841657126397,-938.7865563148797,798.7815488598396,,,
2020-02-19 16:24:50.760000,A,-56,896,-436,,,,70.07910543200006,-85.44181105599999,94.93621731999997,739.3882086057597,-942.2182875705597,802.5858386716797,,,
2020-02-19 16:24:50.800000,A,-76,896,-480,,,,70.04929321600007,-85.09034071999999,94.74792963999997,742.1913728230397,-945.6359600127997,806.3832873644797,,,
2020-02-19 16:24:50.840000,A,-136,868,-496,,,,69.99594504000007,-84.74985383199999,94.55336570399997,744.9933445516797,-949.0395736415998,810.1732045500796,,,
2020-02-19 16:24:50.880000,A,-168,868,-520,,,,69.93004435200007,-84.40936694399998,94.34938738399997,747.7931823532797,-952.4295677948797,813.9553391782396,,,
2020-02-19 16:24:50.920000,A,-184,844,-548,,,,69.85786740800006,-84.07829443999998,94.13442561599997,750.5903841273597,-955.8059424726398,817.7293146735996,,,
2020-02-19 16:24:50.960000,A,-196,864,-512,,,,69.78098327200006,-83.73937661599997,93.93358542399997,753.3846988236797,-959.1690742502398,821.4946916982395,,,
2020-02-19 16:24:51,A,-248,980,-436,,,,69.68370130400005,-83.35495593599997,93.76255744799997,756.1759381545597,-962.5186493148798,825.2520351151995,,,
2020-02-19 16:24:52,H,,,,97,,,,,,,,,,,
2020-02-19 16:24:52,M,,,,,,,,,,,,,-297,395,-117
2020-02-19 16:24:51.040000,A,-260,972,-432,,,,69.58171214400005,-82.97367338399997,93.59309853599997,758.9632862067198,-965.8528475523198,829.0025374131195,,,
2020-02-19 16:24:51.080000,A,-308,972,-448,,,,69.46089421600006,-82.59239083199996,93.41736336799997,761.7465546924798,-969.1717944876798,832.7462613545595,,,
2020-02-19 16:24:51.120000,A,-340,944,-436,,,,69.32752377600006,-82.22209172799997,93.24633539199996,764.5249904611197,-972.4754901209598,836.4829558892794,,,
2020-02-19 16:24:51.160000,A,-328,996,-484,,,,69.19886052800007,-81.83139479199997,93.05647864799997,767.2980914121597,-975.7643737900797,840.2128093049595,,,
2020-02-19 16:24:51.200000,A,-432,900,-484,,,,69.02940161600007,-81.47835539199997,92.86662190399997,770.0660458332796,-979.0376295817597,843.9350684508795,,,
2020-02-19 16:24:51.240000,A,-460,804,-484,,,,68.84895925600007,-81.16297352799997,92.67676515999997,772.8272218979197,-982.2967637974397,847.6497333270395,,,
2020-02-19 16:24:51.280000,A,-492,572,-528,,,,68.65596438400007,-80.93859737599996,92.46964871199998,775.5811802681596,-985.5432827385597,851.3568039334394,,,
2020-02-19 16:24:51.320000,A,-448,216,-568,,,,68.48022921600007,-80.85386791999996,92.24684162399998,778.3274188435197,-988.7808266335996,855.0555898819194,,,
2020-02-19 16:24:51.360000,A,-396,-120,-568,,,,68.32489188000007,-80.90093983999995,92.02403453599999,781.0666280121598,-992.0149813503997,858.7454635468795,,,
2020-02-19 16:24:51.400000,A,-236,-284,-624,,,,68.23231710400006,-81.01234338399995,91.77926055199998,783.7996236873597,-995.2510189439997,862.4264249283194,,,
2020-02-19 16:24:51.440000,A,-172,-208,-592,,,,68.16484735200007,-81.09393471199995,91.54703907999998,786.5289163715197,-998.4915126793597,866.0975953503994,,,
2020-02-19 16:24:51.480000,A,-188,-336,-708,,,,68.09110134400007,-81.22573608799995,91.26931475199997,789.2555102655997,-1001.7352700678398,869.7594769135994,,,
2020-02-19 16:24:51.520000,A,-208,-232,-752,,,,68.00951001600006,-81.31674179999995,90.97433071999997,791.9791543193597,-1004.9842995113598,873.4102495036794,,,
2020-02-19 16:24:51.560000,A,-256,-316,-768,,,,67.90908992000007,-81.44069785599994,90.67307043199997,794.6995347199997,-1008.2369691833599,877.0492227324794,,,
2020-02-19 16:24:51.600000,A,-264,-380,-740,,,,67.80553169600007,-81.58975893599994,90.38279359199997,797.4158983167997,-1011.4945970975998,880.6761455497594,,,
2020-02-19 16:24:51.640000,A,-424,-424,-712,,,,67.63921091200007,-81.75607971999995,90.10350019999997,800.1281195846398,-1014.7581874550398,884.2914572934394,,,
2020-02-19 16:24:51.680000,A,-300,-568,-796,,,,67.52153111200006,-81.97888680799994,89.79125646399997,802.8336880211198,-1018.0284306438398,887.8955973014394,,,
2020-02-19 16:24:51.720000,A,-376,-568,-788,,,,67.37403909600006,-82.20169389599994,89.48215085599998,805.5345492655998,-1021.3075861161598,891.4872475599993,,,
2020-02-19 16:24:51.760000,A,-408,-492,-788,,,,67.21399456800006,-82.39468876799994,89.17304524799998,808.2295108294398,-1024.5956538719997,895.0665335942393,,,
2020-02-19 16:24:51.800000,A,-360,-536,-820,,,,67.07277880800007,-82.60494334399993,88.85138712799998,810.9180706121598,-1027.8914414227197,898.6334554041593,,,
2020-02-19 16:24:51.840000,A,-348,-552,-784,,,,66.93627024000007,-82.82147417599994,88.54385058399998,813.6009817644798,-1031.1956391564797,902.1875108892793,,,
2020-02-19 16:24:51.880000,A,-156,-508,-816,,,,66.87507674400007,-83.02074530399995,88.22376152799998,816.2784325740798,-1034.5084981235198,905.7292649126393,,,
2020-02-19 16:24:51.920000,A,-352,-572,-792,,,,66.73699911200006,-83.24512145599995,87.91308685599998,818.9534356438398,-1037.8293279356797,909.2582153737593,,,
2020-02-19 16:24:51.960000,A,-460,-580,-724,,,,66.55655675200006,-83.47263573599994,87.62908627199998,821.6229156083199,-1041.1591327939198,912.7747388479993,,,
2020-02-19 16:24:52,A,-320,-572,-768,,,,66.43103163200006,-83.69701188799995,87.32782598399999,824.2851778783998,-1044.4980382233598,916.2799022988793,,,
2020-02-19 16:24:53,H,,,,95,,,,,,,,,,,
2020-02-19 16:24:53,M,,,,,,,,,,,,,-371,-133,-320
